timestamp,symbol,open,high,low,close,volume
2026-06-30 09:30:00-04:00,DEMO,151.0,151.07603561070107,150.99872007220458,151.01828302478526,1129
2026-06-30 09:31:00-04:00,DEMO,151.01828302478526,151.01964186442,150.95389073931443,150.95588397841084,1030
2026-06-30 09:32:00-04:00,DEMO,150.95588397841084,151.0127054510002,150.91094494924474,151.00091105015923,961
2026-06-30 09:33:00-04:00,DEMO,151.00091105015923,151.06882957743562,150.9785557169464,151.0573449331427,995
2026-06-30 09:34:00-04:00,DEMO,151.0573449331427,151.07489377379824,150.93999668584618,150.94028282182347,1035
2026-06-30 09:35:00-04:00,DEMO,150.94028282182347,150.94373885762494,150.85593236866669,150.86215205141173,928
2026-06-30 09:36:00-04:00,DEMO,150.86215205141173,150.88882580273614,150.86104674195911,150.86982247560175,936
2026-06-30 09:37:00-04:00,DEMO,150.86982247560175,150.87555275995462,150.84577507044125,150.85084792006114,975
2026-06-30 09:38:00-04:00,DEMO,150.85084792006114,150.86409953770118,150.82277917067617,150.8498398506109,927
2026-06-30 09:39:00-04:00,DEMO,150.8498398506109,150.86745668218265,150.7948809180163,150.79865721495648,1077
2026-06-30 09:40:00-04:00,DEMO,150.79865721495648,150.85591137879402,150.78000475854017,150.85142109344824,881
2026-06-30 09:41:00-04:00,DEMO,150.85142109344824,150.9030080119904,150.82016320497516,150.898088609574,1097
2026-06-30 09:42:00-04:00,DEMO,150.898088609574,150.9225636633131,150.8853080642103,150.90205045142767,954
2026-06-30 09:43:00-04:00,DEMO,150.90205045142767,150.97952845315135,150.89226883492933,150.96968492384573,1018
2026-06-30 09:44:00-04:00,DEMO,150.96968492384573,151.01076466577416,150.92501723606154,150.99773548438085,897
2026-06-30 09:45:00-04:00,DEMO,150.99773548438085,151.00438145417874,150.94311082067048,150.94617793660785,965
2026-06-30 09:46:00-04:00,DEMO,150.94617793660785,150.97124153783602,150.92128540196035,150.96830298365282,1076
2026-06-30 09:47:00-04:00,DEMO,150.96830298365282,150.98904095970343,150.88428943413066,150.91077002760306,931
2026-06-30 09:48:00-04:00,DEMO,150.91077002760306,151.01330355495787,150.88512410653092,150.96347704568151,889
2026-06-30 09:49:00-04:00,DEMO,150.96347704568151,150.99588885388337,150.9595086608498,150.96048149102234,1006
2026-06-30 09:50:00-04:00,DEMO,150.96048149102234,150.99753612595842,150.92826361601038,150.94938974920962,898
2026-06-30 09:51:00-04:00,DEMO,150.94938974920962,151.00773015220582,150.88144150586143,150.90853397654539,944
2026-06-30 09:52:00-04:00,DEMO,150.90853397654539,150.9988430678697,150.89991885392664,150.98188645686582,985
2026-06-30 09:53:00-04:00,DEMO,150.98188645686582,151.000622304359,150.96313268708258,150.9726146879417,1019
2026-06-30 09:54:00-04:00,DEMO,150.9726146879417,150.97973678960128,150.9147317408218,150.94691501861192,1041
2026-06-30 09:55:00-04:00,DEMO,150.94691501861192,150.95185977066046,150.89828751432407,150.9257870055826,1052
2026-06-30 09:56:00-04:00,DEMO,150.9257870055826,150.98495599413357,150.92248128916933,150.95772555671581,1103
2026-06-30 09:57:00-04:00,DEMO,150.95772555671581,151.01284435388436,150.9266204097443,150.97965220057768,869
2026-06-30 09:58:00-04:00,DEMO,150.97965220057768,151.00614460564157,150.9716745356524,151.00441615727343,958
2026-06-30 09:59:00-04:00,DEMO,151.00441615727343,151.06410506469314,150.99898537740316,151.0302654174539,850
2026-06-30 10:00:00-04:00,DEMO,151.0302654174539,151.16106743996698,151.02521333631918,151.15876427350614,852
2026-06-30 10:01:00-04:00,DEMO,151.15876427350614,151.17969922910183,151.1199320198211,151.13437937252306,913
2026-06-30 10:02:00-04:00,DEMO,151.13437937252306,151.14923938132802,151.09732268840452,151.10364480877877,1029
2026-06-30 10:03:00-04:00,DEMO,151.10364480877877,151.1406582215929,151.04221950154863,151.0548184450839,1118
2026-06-30 10:04:00-04:00,DEMO,151.0548184450839,151.11398055678174,151.03911679299077,151.0917772104384,1082
2026-06-30 10:05:00-04:00,DEMO,151.0917772104384,151.16846596520355,151.08399088958083,151.15951554800168,1043
2026-06-30 10:06:00-04:00,DEMO,151.15951554800168,151.17960517348615,151.14262888603915,151.15267870054237,1083
2026-06-30 10:07:00-04:00,DEMO,151.15267870054237,151.19569794632153,151.09616670220018,151.10226931192463,901
2026-06-30 10:08:00-04:00,DEMO,151.10226931192463,151.13682384980905,151.04597033841185,151.05280043898316,1101
2026-06-30 10:09:00-04:00,DEMO,151.05280043898316,151.10165669295912,151.02431471395587,151.09183600625263,1117
2026-06-30 10:10:00-04:00,DEMO,151.09183600625263,151.16244485500377,151.079804978156,151.13643125652484,878
2026-06-30 10:11:00-04:00,DEMO,151.13643125652484,151.18088793983472,151.10048683302693,151.16902051262315,990
2026-06-30 10:12:00-04:00,DEMO,151.16902051262315,151.17229767889035,151.10003794236746,151.1290899301858,1099
2026-06-30 10:13:00-04:00,DEMO,151.1290899301858,151.18879225521601,151.07617356896154,151.14301960956982,992
2026-06-30 10:14:00-04:00,DEMO,151.14301960956982,151.17322818290748,151.09647348073875,151.15002075811827,1102
2026-06-30 10:15:00-04:00,DEMO,154.8,155.0,154.7,154.9,1130
2026-06-30 10:16:00-04:00,DEMO,151.16314207392202,151.22877530655825,151.1623691419712,151.21542780059892,992
2026-06-30 10:17:00-04:00,DEMO,151.21542780059892,151.25558734380763,151.2124875292133,151.22884353352538,867
2026-06-30 10:18:00-04:00,DEMO,151.22884353352538,151.2859354292269,151.19848878780218,151.2695783473097,952
2026-06-30 10:19:00-04:00,DEMO,151.2695783473097,151.28433035249643,151.20275748648214,151.27363309147904,914
2026-06-30 10:20:00-04:00,DEMO,151.27363309147904,151.29571136392383,151.26373474461826,151.29098025540043,992
2026-06-30 10:21:00-04:00,DEMO,151.29098025540043,151.3370740990078,151.25194430035535,151.32885754895074,1025
2026-06-30 10:22:00-04:00,DEMO,151.32885754895074,151.33790559529896,151.21323368063713,151.2414281997594,989
2026-06-30 10:23:00-04:00,DEMO,151.2414281997594,151.27444474114762,151.21275276398322,151.22224792677795,908
2026-06-30 10:24:00-04:00,DEMO,151.22224792677795,151.23081758054957,151.1752032695897,151.1940255675204,940
2026-06-30 10:25:00-04:00,DEMO,151.1940255675204,151.23094701294156,151.13333424547386,151.1556928966258,1053
2026-06-30 10:26:00-04:00,DEMO,151.1556928966258,151.1823734570401,151.13102781142663,151.1391843615522,858
2026-06-30 10:27:00-04:00,DEMO,151.1391843615522,151.2371680445287,151.1034972294601,151.22888084022625,914
2026-06-30 10:28:00-04:00,DEMO,151.22888084022625,151.25674565134068,151.1309963063975,151.17693097328467,1117
2026-06-30 10:29:00-04:00,DEMO,151.17693097328467,151.2446121023897,151.16853249265867,151.23502767456014,879
2026-06-30 10:30:00-04:00,DEMO,151.23502767456014,151.23830611281522,151.0864289829116,151.13405548826321,974
2026-06-30 10:31:00-04:00,DEMO,151.13405548826321,151.14277488561436,151.11307297453945,151.11396238646407,912
2026-06-30 10:32:00-04:00,DEMO,151.11396238646407,151.17250288437353,151.07012011079655,151.12372757037036,881
2026-06-30 10:33:00-04:00,DEMO,151.12372757037036,151.21082542347827,151.12139510412902,151.15890091025193,976
2026-06-30 10:34:00-04:00,DEMO,151.15890091025193,151.2033090334178,151.15562446460078,151.2015745050395,1006
2026-06-30 10:35:00-04:00,DEMO,151.2015745050395,151.25318010398442,151.19243764322343,151.2491753391515,902
2026-06-30 10:36:00-04:00,DEMO,151.2491753391515,151.27608134308815,151.14878049283237,151.22825183481658,873
2026-06-30 10:37:00-04:00,DEMO,151.22825183481658,151.24939336063576,151.17922858788558,151.2005107272567,890
2026-06-30 10:38:00-04:00,DEMO,151.2005107272567,151.2603160394476,151.18282911400792,151.25198928013214,1045
2026-06-30 10:39:00-04:00,DEMO,151.25198928013214,151.25263585133098,151.21628607388234,151.24051102063925,1108
2026-06-30 10:40:00-04:00,DEMO,151.24051102063925,151.2483587259257,151.15492402781183,151.16396984123895,904
2026-06-30 10:41:00-04:00,DEMO,151.16396984123895,151.1848040613877,151.08372885382622,151.09597260839874,946
2026-06-30 10:42:00-04:00,DEMO,151.09597260839874,151.13571179573145,151.01809043724134,151.04080547123866,953
2026-06-30 10:43:00-04:00,DEMO,151.04080547123866,151.12245970178168,151.04002833154436,151.07063511588188,958
2026-06-30 10:44:00-04:00,DEMO,151.07063511588188,151.10711526287085,151.0636707180191,151.07918066004612,923
2026-06-30 10:45:00-04:00,DEMO,151.07918066004612,151.13207666341364,151.0788310294995,151.12060978129017,866
2026-06-30 10:46:00-04:00,DEMO,151.12060978129017,151.12793957095639,151.08656004434485,151.09497462251,1007
2026-06-30 10:47:00-04:00,DEMO,151.09497462251,151.15291778303532,151.0843504750741,151.10448700397458,957
2026-06-30 10:48:00-04:00,DEMO,151.10448700397458,151.1696722618603,151.05606283065694,151.14202242761263,952
2026-06-30 10:49:00-04:00,DEMO,151.14202242761263,151.16607470552117,151.1067973185142,151.12346163522943,929
2026-06-30 10:50:00-04:00,DEMO,151.12346163522943,151.15956086079416,151.09891114973368,151.15086814948287,1128
2026-06-30 10:51:00-04:00,DEMO,151.15086814948287,151.16104510539162,151.07509511462987,151.11115259301886,1033
2026-06-30 10:52:00-04:00,DEMO,151.11115259301886,151.11826168896985,151.08790908112852,151.08936936222497,975
2026-06-30 10:53:00-04:00,DEMO,151.08936936222497,151.09400250346036,151.0643655635022,151.06646508858506,911
2026-06-30 10:54:00-04:00,DEMO,151.06646508858506,151.08194436650945,150.97737705573542,150.99471470984972,1090
2026-06-30 10:55:00-04:00,DEMO,150.99471470984972,151.03241452079396,150.973938913408,151.02393305869685,1116
2026-06-30 10:56:00-04:00,DEMO,151.02393305869685,151.0505293470152,150.9622145391254,150.99576891828468,859
2026-06-30 10:57:00-04:00,DEMO,150.99576891828468,151.0250670210619,150.98559532456537,150.99651856540834,1128
2026-06-30 10:58:00-04:00,DEMO,150.99651856540834,151.02552184150176,150.98189671203502,151.0253633649427,1059
2026-06-30 10:59:00-04:00,DEMO,151.0253633649427,151.1170970786694,151.0241986831842,151.0521552355045,879
2026-06-30 11:00:00-04:00,DEMO,151.0521552355045,151.0976553356085,151.04518362838832,151.09207834204287,1075
2026-06-30 11:01:00-04:00,DEMO,151.09207834204287,151.12790870470803,151.0609718892317,151.0861692129723,882
2026-06-30 11:02:00-04:00,DEMO,151.0861692129723,151.08845721742662,151.04266424731324,151.06077131424965,865
2026-06-30 11:03:00-04:00,DEMO,151.06077131424965,151.0752907416329,151.0544131623869,151.05598822159527,884
2026-06-30 11:04:00-04:00,DEMO,151.05598822159527,151.0574078014551,150.90744949922498,150.95474815555778,987
2026-06-30 11:05:00-04:00,DEMO,150.95474815555778,150.9590083450869,150.8189566212025,150.8679214072124,1035
2026-06-30 11:06:00-04:00,DEMO,150.8679214072124,150.88740846713054,150.78825144814792,150.78855943047114,972
2026-06-30 11:07:00-04:00,DEMO,150.78855943047114,150.79931696444507,150.7232004378704,150.72872462081506,886
2026-06-30 11:08:00-04:00,DEMO,150.72872462081506,150.7739995041481,150.7261391179757,150.75271107441844,909
2026-06-30 11:09:00-04:00,DEMO,150.75271107441844,150.76935070532627,150.6976827696836,150.69838233109687,1105
2026-06-30 11:10:00-04:00,DEMO,150.69838233109687,150.72551450620801,150.6700535818667,150.67569257785448,1138
2026-06-30 11:11:00-04:00,DEMO,150.67569257785448,150.76280956090258,150.65200133760828,150.75364627572165,1076
2026-06-30 11:12:00-04:00,DEMO,150.75364627572165,150.76080249406056,150.70449281493504,150.73227043745797,881
2026-06-30 11:13:00-04:00,DEMO,150.73227043745797,150.7878705110487,150.70297114763545,150.776521371566,1095
2026-06-30 11:14:00-04:00,DEMO,150.776521371566,150.78423819795466,150.6931712143182,150.7205043107654,1057
2026-06-30 11:15:00-04:00,DEMO,150.7205043107654,150.74389298890202,150.70095514061413,150.70817805729334,1007
2026-06-30 11:16:00-04:00,DEMO,150.70817805729334,150.7539632093987,150.62005304953254,150.6511767339987,892
2026-06-30 11:17:00-04:00,DEMO,150.6511767339987,150.65956691820168,150.6200512634887,150.6308347494447,1149
2026-06-30 11:18:00-04:00,DEMO,150.6308347494447,150.73102353757022,150.5682922533407,150.68125323769212,982
2026-06-30 11:19:00-04:00,DEMO,150.68125323769212,150.7186297584478,150.53501419073532,150.5776140123006,863
2026-06-30 11:20:00-04:00,DEMO,150.5776140123006,150.63777598665868,150.55678809423068,150.60367943091333,912
2026-06-30 11:21:00-04:00,DEMO,150.60367943091333,150.64032319160256,150.58973620872595,150.61794356705326,970
2026-06-30 11:22:00-04:00,DEMO,150.61794356705326,150.63593057288537,150.5720848540301,150.58229456971145,868
2026-06-30 11:23:00-04:00,DEMO,150.58229456971145,150.61985715611246,150.49456657037362,150.49553109844814,947
2026-06-30 11:24:00-04:00,DEMO,150.49553109844814,150.57397208985702,150.48773744017757,150.499858868911,990
2026-06-30 11:25:00-04:00,DEMO,150.499858868911,150.5134462566093,150.44185581610355,150.46808930636715,1134
2026-06-30 11:26:00-04:00,DEMO,150.46808930636715,150.54256025435464,150.4511888737251,150.48204987904845,875
2026-06-30 11:27:00-04:00,DEMO,150.48204987904845,150.49423311456644,150.46049193006155,150.48336100777985,1023
2026-06-30 11:28:00-04:00,DEMO,150.48336100777985,150.59345704841033,150.47138911931683,150.5794677412591,1124
2026-06-30 11:29:00-04:00,DEMO,150.5794677412591,150.5910947464966,150.52671535186255,150.5651064036107,1091
2026-06-30 11:30:00-04:00,DEMO,150.5651064036107,150.60413036243557,150.49395426142038,150.5036965540534,1127
2026-06-30 11:31:00-04:00,DEMO,150.5036965540534,150.5218861762182,150.50113272446023,150.51445309215077,901
2026-06-30 11:32:00-04:00,DEMO,150.51445309215077,150.5301398300145,150.5107670299028,150.5276528931891,1090
2026-06-30 11:33:00-04:00,DEMO,150.5276528931891,150.61135666399903,150.48794599051035,150.6092041477035,1143
2026-06-30 11:34:00-04:00,DEMO,150.6092041477035,150.67908097550065,150.59364896157115,150.6593108224584,947
2026-06-30 11:35:00-04:00,DEMO,150.6593108224584,150.68933921666326,150.6078033681953,150.68072308600736,999
2026-06-30 11:36:00-04:00,DEMO,150.68072308600736,150.78522940993324,150.67508729977666,150.76852125948054,1009
2026-06-30 11:37:00-04:00,DEMO,150.76852125948054,150.7857305665363,150.6652700650969,150.69719547622117,998
2026-06-30 11:38:00-04:00,DEMO,150.69719547622117,150.71964086143143,150.65706239473133,150.65881038425618,936
2026-06-30 11:39:00-04:00,DEMO,150.65881038425618,150.69953380794678,150.57630969776386,150.60321582777183,1141
2026-06-30 11:40:00-04:00,DEMO,150.60321582777183,150.6274695657631,150.56103334338715,150.5798272395825,1136
2026-06-30 11:41:00-04:00,DEMO,150.5798272395825,150.60201963097538,150.48730023822873,150.4972260707291,964
2026-06-30 11:42:00-04:00,DEMO,150.4972260707291,150.568729735946,150.48333651851286,150.535335127538,1091
2026-06-30 11:43:00-04:00,DEMO,150.535335127538,150.54011872720537,150.5064475732057,150.52200176571205,969
2026-06-30 11:44:00-04:00,DEMO,150.52200176571205,150.5570973005137,150.40906825941576,150.4337533880419,1088
2026-06-30 11:45:00-04:00,DEMO,150.4337533880419,150.4448167808392,150.3438809492189,150.37281864316944,1025
2026-06-30 11:46:00-04:00,DEMO,150.37281864316944,150.42800561342324,150.33691109925536,150.39162947401647,991
2026-06-30 11:47:00-04:00,DEMO,150.39162947401647,150.44520421351027,150.37839413883833,150.44191706809013,888
2026-06-30 11:48:00-04:00,DEMO,150.44191706809013,150.5681766421747,150.40783135028798,150.56172092159164,1046
2026-06-30 11:49:00-04:00,DEMO,150.56172092159164,150.77567062009382,150.5147009608923,150.73655266955208,946
2026-06-30 11:50:00-04:00,DEMO,150.73655266955208,150.77046149748475,150.72860500583636,150.76141723554863,915
2026-06-30 11:51:00-04:00,DEMO,150.76141723554863,150.78494528794675,150.68036981693865,150.70204494834672,907
2026-06-30 11:52:00-04:00,DEMO,150.70204494834672,150.71325905354743,150.57114152497465,150.57412217150284,1144
2026-06-30 11:53:00-04:00,DEMO,150.57412217150284,150.60149320800954,150.55983594102292,150.59018485924346,880
2026-06-30 11:54:00-04:00,DEMO,150.59018485924346,150.629328836048,150.5372544474761,150.54140839352485,1089
2026-06-30 11:55:00-04:00,DEMO,150.54140839352485,150.55734516609112,150.46943258590898,150.51648695791408,1109
2026-06-30 11:56:00-04:00,DEMO,150.51648695791408,150.52995624085452,150.47551815505997,150.47976114997047,859
2026-06-30 11:57:00-04:00,DEMO,150.47976114997047,150.5084564664888,150.46096888885575,150.4713136967855,1026
2026-06-30 11:58:00-04:00,DEMO,150.4713136967855,150.59512901825525,150.4655069635374,150.53527251063275,1023
2026-06-30 11:59:00-04:00,DEMO,150.53527251063275,150.56435956905707,150.53337967843382,150.54469542467947,957
2026-06-30 12:00:00-04:00,DEMO,150.54469542467947,150.58685712846034,150.53502691744626,150.53517733445716,1050
2026-06-30 12:01:00-04:00,DEMO,150.53517733445716,150.55583307111627,150.4618300076383,150.47303810928761,972
2026-06-30 12:02:00-04:00,DEMO,150.47303810928761,150.47922975681533,150.34342444421668,150.37255713260535,981
2026-06-30 12:03:00-04:00,DEMO,150.37255713260535,150.3770377982416,150.30219380812085,150.34337865806094,979
2026-06-30 12:04:00-04:00,DEMO,150.34337865806094,150.34971309728465,150.3324112029641,150.34015170501183,1090
2026-06-30 12:05:00-04:00,DEMO,150.34015170501183,150.45020712161116,150.32541303286095,150.44622749982665,1039
2026-06-30 12:06:00-04:00,DEMO,150.44622749982665,150.4591286771305,150.41745588709702,150.454043971115,963
2026-06-30 12:07:00-04:00,DEMO,150.454043971115,150.53822174282496,150.4518470525546,150.51300834177638,1128
2026-06-30 12:08:00-04:00,DEMO,150.51300834177638,150.53067958279885,150.45954336924194,150.48305060586404,1090
2026-06-30 12:09:00-04:00,DEMO,150.48305060586404,150.49961725512367,150.3903047639186,150.41195397987903,1129
2026-06-30 12:10:00-04:00,DEMO,150.41195397987903,150.42157992832043,150.34875673082522,150.3540469741451,1069
2026-06-30 12:11:00-04:00,DEMO,150.3540469741451,150.36796031021387,150.28837356128375,150.31053341027294,967
2026-06-30 12:12:00-04:00,DEMO,150.31053341027294,150.44565204423927,150.2982642425481,150.43824159421905,1081
2026-06-30 12:13:00-04:00,DEMO,150.43824159421905,150.48911842678731,150.35895073700908,150.38895839346557,948
2026-06-30 12:14:00-04:00,DEMO,150.38895839346557,150.44144509996607,150.38172441454165,150.43926774568976,931
2026-06-30 12:15:00-04:00,DEMO,150.43926774568976,150.44694482614813,150.37619965711525,150.38509211500454,985
2026-06-30 12:16:00-04:00,DEMO,150.38509211500454,150.45982468528592,150.3766960835812,150.440986495777,1140
2026-06-30 12:17:00-04:00,DEMO,150.440986495777,150.4898901205078,150.36772163638068,150.46408355374334,1020
2026-06-30 12:18:00-04:00,DEMO,150.46408355374334,150.49519534843336,150.44511313647425,150.45468527988388,965
2026-06-30 12:19:00-04:00,DEMO,150.45468527988388,150.47690521271466,150.36102920768536,150.45223952831574,988
2026-06-30 12:20:00-04:00,DEMO,150.45223952831574,150.45400653785705,150.36986568140483,150.41295226658997,937
2026-06-30 12:21:00-04:00,DEMO,150.41295226658997,150.44807397689135,150.40165805156644,150.4397165986789,1047
2026-06-30 12:22:00-04:00,DEMO,150.4397165986789,150.4409951501427,150.40047935642679,150.41241758985845,955
2026-06-30 12:23:00-04:00,DEMO,150.41241758985845,150.43155597179418,150.30982052452893,150.33888124403242,1016
2026-06-30 12:24:00-04:00,DEMO,150.33888124403242,150.36138585813293,150.24440243852627,150.26220498957323,960
2026-06-30 12:25:00-04:00,DEMO,150.26220498957323,150.2910455814441,150.22794146485788,150.27256026463658,946
2026-06-30 12:26:00-04:00,DEMO,150.27256026463658,150.37129694770672,150.26045951134728,150.36730574002118,1141
2026-06-30 12:27:00-04:00,DEMO,150.36730574002118,150.3932281404522,150.3112327322111,150.3769052368356,953
2026-06-30 12:28:00-04:00,DEMO,150.3769052368356,150.39061593485636,150.36973894093958,150.369786937269,871
2026-06-30 12:29:00-04:00,DEMO,150.369786937269,150.39163584533233,150.35958603284698,150.38693650564517,963
2026-06-30 12:30:00-04:00,DEMO,150.38693650564517,150.50149979163294,150.3465146456827,150.46529661014756,1009
2026-06-30 12:31:00-04:00,DEMO,150.46529661014756,150.480159066629,150.46202093224272,150.4784595602294,878
2026-06-30 12:32:00-04:00,DEMO,150.4784595602294,150.48501045553127,150.4287453268621,150.45380392637938,941
2026-06-30 12:33:00-04:00,DEMO,150.45380392637938,150.54267361864515,150.45106074008703,150.52018124898296,899
2026-06-30 12:34:00-04:00,DEMO,150.52018124898296,150.5506527201116,150.5192909805782,150.54590663529066,1000
2026-06-30 12:35:00-04:00,DEMO,150.54590663529066,150.6744225569419,150.51178809398561,150.63805199481044,1066
2026-06-30 12:36:00-04:00,DEMO,150.63805199481044,150.68245071354406,150.6316561930269,150.64904606104375,1140
2026-06-30 12:37:00-04:00,DEMO,150.64904606104375,150.68024481067025,150.55702311679056,150.5755779191405,966
2026-06-30 12:38:00-04:00,DEMO,150.5755779191405,150.58189085249808,150.47037942325608,150.49348836718576,1108
2026-06-30 12:39:00-04:00,DEMO,150.49348836718576,150.60163040156564,150.49262307033112,150.59254404311966,914
2026-06-30 12:40:00-04:00,DEMO,150.59254404311966,150.75621203551165,150.58547414939096,150.69596398636665,1084
2026-06-30 12:41:00-04:00,DEMO,150.69596398636665,150.7248726778733,150.68253828530413,150.6851928335697,1018
2026-06-30 12:42:00-04:00,DEMO,150.6851928335697,150.69253730657348,150.6566235438414,150.66220159430154,1077
2026-06-30 12:43:00-04:00,DEMO,150.66220159430154,150.77669157737174,150.6467812393093,150.74988825183607,1076
2026-06-30 12:44:00-04:00,DEMO,150.74988825183607,150.76774816390184,150.65847270519674,150.68346551091346,1009
2026-06-30 12:45:00-04:00,DEMO,150.68346551091346,150.73339792418216,150.60374219896056,150.6297818897761,927
2026-06-30 12:46:00-04:00,DEMO,150.6297818897761,150.69779686544317,150.60216490939104,150.66838149745743,1007
2026-06-30 12:47:00-04:00,DEMO,150.66838149745743,150.68931808255957,150.63439676828074,150.64470519008586,1098
2026-06-30 12:48:00-04:00,DEMO,150.64470519008586,150.6505913992936,150.60897682576774,150.64439787808266,1141
2026-06-30 12:49:00-04:00,DEMO,150.64439787808266,150.68467578179514,150.6234959864366,150.63459130417118,1128
2026-06-30 12:50:00-04:00,DEMO,150.63459130417118,150.68540513491263,150.62300705902035,150.65484577709913,904
2026-06-30 12:51:00-04:00,DEMO,150.65484577709913,150.74552059183563,150.61657789566772,150.73929468877796,1029
2026-06-30 12:52:00-04:00,DEMO,150.73929468877796,150.7902622544624,150.73355764589138,150.74472978319207,881
2026-06-30 12:53:00-04:00,DEMO,150.74472978319207,150.82466008949316,150.72634020588137,150.78336611078868,1050
2026-06-30 12:54:00-04:00,DEMO,150.78336611078868,150.81539284095982,150.65099612343417,150.66035578472682,1147
2026-06-30 12:55:00-04:00,DEMO,150.66035578472682,150.67094594988833,150.64163314351697,150.657432680611,865
2026-06-30 12:56:00-04:00,DEMO,150.657432680611,150.6704473909324,150.57173213694116,150.60683886439344,1046
2026-06-30 12:57:00-04:00,DEMO,150.60683886439344,150.6271538965873,150.5254340768931,150.533710080768,1133
2026-06-30 12:58:00-04:00,DEMO,150.533710080768,150.5397515737635,150.47345544476553,150.4810209387523,1104
2026-06-30 12:59:00-04:00,DEMO,150.4810209387523,150.52539499024334,150.44890377834213,150.46097353231025,967
2026-06-30 13:00:00-04:00,DEMO,150.46097353231025,150.5288129449241,150.43920964207476,150.5159276848516,881
2026-06-30 13:01:00-04:00,DEMO,150.5159276848516,150.53036615703547,150.39936225902036,150.43634412178722,1127
2026-06-30 13:02:00-04:00,DEMO,150.43634412178722,150.47004319176642,150.3914848704222,150.4381820113429,1126
2026-06-30 13:03:00-04:00,DEMO,150.4381820113429,150.45387169975382,150.37626164855521,150.40913184534287,1023
2026-06-30 13:04:00-04:00,DEMO,150.40913184534287,150.42504722742044,150.3867281051404,150.38947145968115,1143
2026-06-30 13:05:00-04:00,DEMO,150.38947145968115,150.46316521946954,150.38065345560548,150.44963692919944,851
2026-06-30 13:06:00-04:00,DEMO,150.44963692919944,150.50099701747808,150.43046635740484,150.48192385541967,1034
2026-06-30 13:07:00-04:00,DEMO,150.48192385541967,150.57337022596465,150.47889440668717,150.56216774186623,861
2026-06-30 13:08:00-04:00,DEMO,150.56216774186623,150.60430767480085,150.54962829641346,150.55289740111124,1130
2026-06-30 13:09:00-04:00,DEMO,150.55289740111124,150.56634826210944,150.49054701611408,150.511140844411,1054
2026-06-30 13:10:00-04:00,DEMO,150.511140844411,150.53699854570286,150.4962272492475,150.49770931539817,1124
2026-06-30 13:11:00-04:00,DEMO,150.49770931539817,150.51814102566414,150.47947714198884,150.51225912287444,1018
2026-06-30 13:12:00-04:00,DEMO,150.51225912287444,150.55844688526665,150.50189729622855,150.52285352438167,874
2026-06-30 13:13:00-04:00,DEMO,150.52285352438167,150.53401157807025,150.44194248060433,150.45779024004767,857
2026-06-30 13:14:00-04:00,DEMO,150.45779024004767,150.48338459955303,150.45771540776767,150.46321962694535,950
2026-06-30 13:15:00-04:00,DEMO,150.46321962694535,150.5089791930102,150.45471437752363,150.47691332675367,1073
2026-06-30 13:16:00-04:00,DEMO,150.47691332675367,150.64580727241776,150.46016134569862,150.6279617690057,895
2026-06-30 13:17:00-04:00,DEMO,150.6279617690057,150.74661355872453,150.61859073243326,150.7405724456826,1105
2026-06-30 13:18:00-04:00,DEMO,150.7405724456826,150.75592186571743,150.67047164055833,150.68937784464907,921
2026-06-30 13:19:00-04:00,DEMO,150.68937784464907,150.7256573158746,150.66266377786965,150.67213484295613,998
2026-06-30 13:20:00-04:00,DEMO,150.67213484295613,150.68315115349537,150.5534579956731,150.5843283228459,910
2026-06-30 13:21:00-04:00,DEMO,150.5843283228459,150.58513101469518,150.51282828222844,150.5488859020081,989
2026-06-30 13:22:00-04:00,DEMO,150.5488859020081,150.57454503841547,150.53636728341417,150.5678222022235,985
2026-06-30 13:23:00-04:00,DEMO,150.5678222022235,150.65566506783003,150.52644481864388,150.6401734194768,851
2026-06-30 13:24:00-04:00,DEMO,150.6401734194768,150.6519518268118,150.57030229647253,150.59642838921218,1020
2026-06-30 13:25:00-04:00,DEMO,150.59642838921218,150.6097646978913,150.53165347379118,150.55717960280813,1085
2026-06-30 13:26:00-04:00,DEMO,150.55717960280813,150.56747056086354,150.42703792805736,150.4283422610238,1130
2026-06-30 13:27:00-04:00,DEMO,150.4283422610238,150.4624083270189,150.41173604315247,150.41858230579112,949
2026-06-30 13:28:00-04:00,DEMO,150.41858230579112,150.44459695710393,150.3464166418885,150.35483744107952,1114
2026-06-30 13:29:00-04:00,DEMO,150.35483744107952,150.41515694935276,150.30757852630052,150.32307107543758,1113
2026-06-30 13:30:00-04:00,DEMO,150.32307107543758,150.36334450031288,150.2619625447177,150.27045942874753,1146
2026-06-30 13:31:00-04:00,DEMO,150.27045942874753,150.33419262756271,150.25690247872626,150.26480367549237,961
2026-06-30 13:32:00-04:00,DEMO,150.26480367549237,150.2749354071286,150.14909426057775,150.15933997201097,1105
2026-06-30 13:33:00-04:00,DEMO,150.15933997201097,150.20776092302648,150.05591389058748,150.07131725728752,1019
2026-06-30 13:34:00-04:00,DEMO,150.07131725728752,150.2068341834141,150.01861842374308,150.1990720840092,867
2026-06-30 13:35:00-04:00,DEMO,150.1990720840092,150.20622765775522,150.11271577282614,150.12182672913275,931
2026-06-30 13:36:00-04:00,DEMO,150.12182672913275,150.12657482515831,150.00151434281327,150.0560195944255,1051
2026-06-30 13:37:00-04:00,DEMO,150.0560195944255,150.19406910717282,150.05511809625554,150.16623440612477,898
2026-06-30 13:38:00-04:00,DEMO,150.16623440612477,150.3550274648411,150.16611858181918,150.3405384362792,980
2026-06-30 13:39:00-04:00,DEMO,150.3405384362792,150.35365112066134,150.24410613167993,150.27024443854967,1082
2026-06-30 13:40:00-04:00,DEMO,150.27024443854967,150.30760457904515,150.21845864132436,150.2481495011424,894
2026-06-30 13:41:00-04:00,DEMO,150.2481495011424,150.2861227524912,150.24308012493609,150.26864283419883,998
2026-06-30 13:42:00-04:00,DEMO,150.26864283419883,150.42368181741182,150.2561338072639,150.37236469286316,914
2026-06-30 13:43:00-04:00,DEMO,150.37236469286316,150.3766637011741,150.30102424034382,150.31315326815746,1010
2026-06-30 13:44:00-04:00,DEMO,150.31315326815746,150.3215863972092,150.2852386564678,150.29843659740092,922
2026-06-30 13:45:00-04:00,DEMO,150.29843659740092,150.3486269323248,150.29840178111485,150.34507685196462,1139
2026-06-30 13:46:00-04:00,DEMO,150.34507685196462,150.38654423560686,150.3204234440406,150.37116281643264,873
2026-06-30 13:47:00-04:00,DEMO,150.37116281643264,150.41442960657034,150.3346491685091,150.34859345215884,1139
2026-06-30 13:48:00-04:00,DEMO,150.34859345215884,150.35270321973326,150.32042210830681,150.34056407428787,1087
2026-06-30 13:49:00-04:00,DEMO,150.34056407428787,150.35032567302443,150.24113529156836,150.25807032578567,1106
2026-06-30 13:50:00-04:00,DEMO,150.25807032578567,150.30426595110956,150.2199101057189,150.24377990114718,1105
2026-06-30 13:51:00-04:00,DEMO,150.24377990114718,150.2481342194923,150.20344929854122,150.22779665174664,906
2026-06-30 13:52:00-04:00,DEMO,150.22779665174664,150.28342403540222,150.21033249311236,150.24172684512422,1129
2026-06-30 13:53:00-04:00,DEMO,150.24172684512422,150.26932036256878,150.20585906481077,150.20840721199508,1028
2026-06-30 13:54:00-04:00,DEMO,150.20840721199508,150.25138100251786,150.1893491255444,150.2366995233478,1138
2026-06-30 13:55:00-04:00,DEMO,150.2366995233478,150.30544747901178,150.2152193728834,150.29746247241698,1113
2026-06-30 13:56:00-04:00,DEMO,150.29746247241698,150.3285144132737,150.2840209079944,150.30678823207708,1023
2026-06-30 13:57:00-04:00,DEMO,150.30678823207708,150.33232851944695,150.2932233704948,150.32789361658104,962
2026-06-30 13:58:00-04:00,DEMO,150.32789361658104,150.3613959083565,150.304002987396,150.33108293743572,885
2026-06-30 13:59:00-04:00,DEMO,150.33108293743572,150.33918279362834,150.32014513122022,150.3310880010212,880
2026-06-30 14:00:00-04:00,DEMO,150.3310880010212,150.37338706725043,150.25675063078666,150.28779451900863,966
2026-06-30 14:01:00-04:00,DEMO,150.28779451900863,150.30722324537098,150.28269280439767,150.30678417470904,1093
2026-06-30 14:02:00-04:00,DEMO,150.30678417470904,150.32934475207884,150.29820578493985,150.3009469788042,1001
2026-06-30 14:03:00-04:00,DEMO,150.3009469788042,150.43509560080665,150.23981872517774,150.42653707734004,994
2026-06-30 14:04:00-04:00,DEMO,150.42653707734004,150.52297806573068,150.39210418595204,150.52093837148857,923
2026-06-30 14:05:00-04:00,DEMO,150.52093837148857,150.58673047004234,150.48413800732632,150.54408916464195,1019
2026-06-30 14:06:00-04:00,DEMO,150.54408916464195,150.58448062312496,150.4945596717106,150.49830573206026,1041
2026-06-30 14:07:00-04:00,DEMO,150.49830573206026,150.5103574029484,150.42128174579085,150.43156104374125,1144
2026-06-30 14:08:00-04:00,DEMO,150.43156104374125,150.51609758833084,150.42860234590654,150.50302962092658,1068
2026-06-30 14:09:00-04:00,DEMO,150.50302962092658,150.58291318298095,150.4919114504717,150.51879457443542,1032
2026-06-30 14:10:00-04:00,DEMO,150.51879457443542,150.56722427955413,150.51495244682636,150.54760317863892,1123
2026-06-30 14:11:00-04:00,DEMO,150.54760317863892,150.55441242252078,150.40657676488402,150.44292801942046,977
2026-06-30 14:12:00-04:00,DEMO,150.44292801942046,150.51642119891488,150.43151624081486,150.49857432831396,1130
2026-06-30 14:13:00-04:00,DEMO,150.49857432831396,150.55876030388328,150.47026846400948,150.52583954860683,960
2026-06-30 14:14:00-04:00,DEMO,150.52583954860683,150.5467347460147,150.4431045295366,150.45921370754195,888
2026-06-30 14:15:00-04:00,DEMO,150.45921370754195,150.46794747310597,150.4294159229349,150.43092221909495,975
2026-06-30 14:16:00-04:00,DEMO,150.43092221909495,150.50631030842342,150.4041231552877,150.44674525135633,888
2026-06-30 14:17:00-04:00,DEMO,150.44674525135633,150.46039797422586,150.43536965834764,150.44989325925772,885
2026-06-30 14:18:00-04:00,DEMO,150.44989325925772,150.45958583778926,150.39623483918635,150.4323629881095,1114
2026-06-30 14:19:00-04:00,DEMO,150.4323629881095,150.43653618636222,150.42421978753,150.42615369202554,1088
2026-06-30 14:20:00-04:00,DEMO,150.42615369202554,150.44657308870555,150.40611290686556,150.41103504933315,916
2026-06-30 14:21:00-04:00,DEMO,150.41103504933315,150.43581593009048,150.38316962525644,150.4201888000593,1101
2026-06-30 14:22:00-04:00,DEMO,150.4201888000593,150.539771443653,150.41445648372047,150.50847831843888,870
2026-06-30 14:23:00-04:00,DEMO,150.50847831843888,150.5215113914048,150.31465895548996,150.354478811983,935
2026-06-30 14:24:00-04:00,DEMO,150.354478811983,150.3653639988066,150.31744584644446,150.3402677961124,1061
2026-06-30 14:25:00-04:00,DEMO,150.3402677961124,150.36283612066757,150.3345981449597,150.35085854139476,941
2026-06-30 14:26:00-04:00,DEMO,150.35085854139476,150.38838822380546,150.31788321145123,150.368618180776,1069
2026-06-30 14:27:00-04:00,DEMO,150.368618180776,150.40607754178342,150.276073034366,150.34630330589673,1112
2026-06-30 14:28:00-04:00,DEMO,150.34630330589673,150.35777431822547,150.22623537182125,150.240899998948,869
2026-06-30 14:29:00-04:00,DEMO,150.240899998948,150.27119907116568,150.20501749503188,150.26057972797085,857
2026-06-30 14:30:00-04:00,DEMO,148.3,148.4,148.0,148.2,1132
2026-06-30 14:31:00-04:00,DEMO,150.36422074082068,150.370364778321,150.26840786535706,150.27218905652572,1006
2026-06-30 14:32:00-04:00,DEMO,150.27218905652572,150.3478200786761,150.26137419523258,150.32401873734761,1001
2026-06-30 14:33:00-04:00,DEMO,150.32401873734761,150.3803131696131,150.30275931186824,150.30430722396025,989
2026-06-30 14:34:00-04:00,DEMO,150.30430722396025,150.32497485013317,150.2978678700702,150.3006277632105,980
2026-06-30 14:35:00-04:00,DEMO,150.3006277632105,150.32018817155955,150.2272455234976,150.23745385256828,1057
2026-06-30 14:36:00-04:00,DEMO,150.23745385256828,150.29546275287794,150.18243374073194,150.2173864822269,1023
2026-06-30 14:37:00-04:00,DEMO,150.2173864822269,150.31948011901807,150.17879585216386,150.29538915790886,899
2026-06-30 14:38:00-04:00,DEMO,150.29538915790886,150.35322737532425,150.27905803582684,150.3303484724281,1037
2026-06-30 14:39:00-04:00,DEMO,150.3303484724281,150.4393147851157,150.32343097017596,150.43428716875272,1050
2026-06-30 14:40:00-04:00,DEMO,150.43428716875272,150.53275602938288,150.41938494626132,150.50493188209137,884
2026-06-30 14:41:00-04:00,DEMO,150.50493188209137,150.53740359910694,150.5047192414233,150.53127708282716,963
2026-06-30 14:42:00-04:00,DEMO,150.53127708282716,150.661683497404,150.51140377650427,150.63591315439723,1087
2026-06-30 14:43:00-04:00,DEMO,150.63591315439723,150.66367660745186,150.63140405582158,150.66225274392153,1035
2026-06-30 14:44:00-04:00,DEMO,150.66225274392153,150.73816137506537,150.6458513705055,150.71193203452935,890
2026-06-30 14:45:00-04:00,DEMO,150.71193203452935,150.73633100493223,150.66348045342602,150.69413777731725,862
2026-06-30 14:46:00-04:00,DEMO,150.69413777731725,150.72089489836685,150.6546581397427,150.6981305262688,1024
2026-06-30 14:47:00-04:00,DEMO,150.6981305262688,150.71209425025066,150.64392118048772,150.6562850968708,988
2026-06-30 14:48:00-04:00,DEMO,150.6562850968708,150.72119853583976,150.6319435090872,150.71566013294648,1138
2026-06-30 14:49:00-04:00,DEMO,150.71566013294648,150.73184725021423,150.61391291563925,150.6449619155596,1006
2026-06-30 14:50:00-04:00,DEMO,150.6449619155596,150.69224410589956,150.6167094326495,150.69190293610467,1129
2026-06-30 14:51:00-04:00,DEMO,150.69190293610467,150.7094445273069,150.66511139322654,150.68046387265434,914
2026-06-30 14:52:00-04:00,DEMO,150.68046387265434,150.7766156511134,150.66550519647748,150.75073869826238,984
2026-06-30 14:53:00-04:00,DEMO,150.75073869826238,150.79609295385595,150.73774718392872,150.79579083758625,891
2026-06-30 14:54:00-04:00,DEMO,150.79579083758625,150.91029685740415,150.76835739572257,150.90502960704507,1022
2026-06-30 14:55:00-04:00,DEMO,150.90502960704507,150.979273361616,150.88751152812358,150.9488760885134,906
2026-06-30 14:56:00-04:00,DEMO,150.9488760885134,150.9879630372101,150.82065832389603,150.8545536731742,997
2026-06-30 14:57:00-04:00,DEMO,150.8545536731742,150.87169739905607,150.83067149642216,150.8505364828003,953
2026-06-30 14:58:00-04:00,DEMO,150.8505364828003,150.85931029235573,150.74762692454942,150.78021605124462,905
2026-06-30 14:59:00-04:00,DEMO,150.78021605124462,150.8057730582858,150.72811375663528,150.74911926070263,879
2026-06-30 15:00:00-04:00,DEMO,150.74911926070263,150.8421974401223,150.71193430346048,150.83979296669924,1003
2026-06-30 15:01:00-04:00,DEMO,150.83979296669924,150.90624546678683,150.83300110710707,150.8780449953531,1134
2026-06-30 15:02:00-04:00,DEMO,150.8780449953531,150.9350634414874,150.80730294860646,150.83610916963838,909
2026-06-30 15:03:00-04:00,DEMO,150.83610916963838,150.87352513688597,150.7692751977252,150.77528612765195,971
2026-06-30 15:04:00-04:00,DEMO,150.77528612765195,150.80032521427194,150.77273534522095,150.77725305322454,917
2026-06-30 15:05:00-04:00,DEMO,150.77725305322454,150.81378252489256,150.70228472635316,150.70425944426165,1092
2026-06-30 15:06:00-04:00,DEMO,150.70425944426165,150.71132411883463,150.63564901564894,150.66399102761787,974
2026-06-30 15:07:00-04:00,DEMO,150.66399102761787,150.70189452692247,150.6549592669928,150.68271159591094,1142
2026-06-30 15:08:00-04:00,DEMO,150.68271159591094,150.7805343410555,150.67391073411588,150.75203031807735,923
2026-06-30 15:09:00-04:00,DEMO,150.75203031807735,150.81654440329257,150.72731463934147,150.7885560064108,874
2026-06-30 15:10:00-04:00,DEMO,150.7885560064108,150.79975134932886,150.63982070394383,150.65107863589492,1024
2026-06-30 15:11:00-04:00,DEMO,150.65107863589492,150.67079749791014,150.65100092214027,150.66934063963674,1045
2026-06-30 15:12:00-04:00,DEMO,150.66934063963674,150.6873811245023,150.65059530617964,150.6736626540307,1147
2026-06-30 15:13:00-04:00,DEMO,150.6736626540307,150.70318784592627,150.66776691997632,150.69849607115304,1111
2026-06-30 15:14:00-04:00,DEMO,150.69849607115304,150.8024222452135,150.69389167749017,150.79546865205214,1115
2026-06-30 15:15:00-04:00,DEMO,150.79546865205214,150.79942162917476,150.66492047721042,150.67167435544386,1040
2026-06-30 15:16:00-04:00,DEMO,150.67167435544386,150.69111854017098,150.59192461887568,150.63620814993237,957
2026-06-30 15:17:00-04:00,DEMO,150.63620814993237,150.6918377363486,150.6337469998747,150.67166252929997,978
2026-06-30 15:18:00-04:00,DEMO,150.67166252929997,150.71215932915976,150.5706694625783,150.57676686533273,890
2026-06-30 15:19:00-04:00,DEMO,150.57676686533273,150.72150552209948,150.52433059139247,150.66532380821596,979
2026-06-30 15:20:00-04:00,DEMO,150.66532380821596,150.71246883991927,150.64296862441648,150.68742520497798,959
2026-06-30 15:21:00-04:00,DEMO,150.68742520497798,150.76791337146014,150.68084836936657,150.7382202441286,860
2026-06-30 15:22:00-04:00,DEMO,150.7382202441286,150.76373581961644,150.68681730753286,150.70396362443728,911
2026-06-30 15:23:00-04:00,DEMO,150.70396362443728,150.79928533099888,150.66942093460284,150.75278944583525,1010
2026-06-30 15:24:00-04:00,DEMO,150.75278944583525,150.8193736097198,150.74866600145035,150.81689773919462,960
2026-06-30 15:25:00-04:00,DEMO,150.81689773919462,150.85414137606162,150.78468663296167,150.83087042040285,1148
2026-06-30 15:26:00-04:00,DEMO,150.83087042040285,150.8898743370256,150.82932780455158,150.84493447396474,993
2026-06-30 15:27:00-04:00,DEMO,150.84493447396474,150.8740625076242,150.8440037780542,150.86115506832166,1137
2026-06-30 15:28:00-04:00,DEMO,150.86115506832166,150.87044798573632,150.80713444124447,150.80935435243728,1048
2026-06-30 15:29:00-04:00,DEMO,150.80935435243728,150.8316826179769,150.80040772533232,150.80050263162286,862
2026-06-30 15:30:00-04:00,DEMO,150.80050263162286,150.80078891391463,150.74838140459948,150.79135127967572,911
2026-06-30 15:31:00-04:00,DEMO,150.79135127967572,150.8218365291341,150.73336101150693,150.81435491153695,1061
2026-06-30 15:32:00-04:00,DEMO,150.81435491153695,150.89972106399478,150.76431626792598,150.87434436635155,1013
2026-06-30 15:33:00-04:00,DEMO,150.87434436635155,150.92556325762314,150.79725293065644,150.81083220143285,940
2026-06-30 15:34:00-04:00,DEMO,150.81083220143285,150.85546141148464,150.80296846256525,150.8033316596137,1006
2026-06-30 15:35:00-04:00,DEMO,150.8033316596137,150.92062020956212,150.7860790489946,150.89221899247323,1120
2026-06-30 15:36:00-04:00,DEMO,150.89221899247323,150.91524025241847,150.83577651879378,150.84760369874448,966
2026-06-30 15:37:00-04:00,DEMO,150.84760369874448,150.8689791818519,150.78866254988503,150.79826869770704,863
2026-06-30 15:38:00-04:00,DEMO,150.79826869770704,150.82639772945436,150.772792605376,150.81040706921692,943
2026-06-30 15:39:00-04:00,DEMO,150.81040706921692,150.87213382125114,150.7846521841381,150.86107018064604,1130
2026-06-30 15:40:00-04:00,DEMO,150.86107018064604,150.89299737565577,150.85646873486425,150.86175574397967,1078
2026-06-30 15:41:00-04:00,DEMO,150.86175574397967,150.95737765797742,150.8376893046675,150.9414933794059,1101
2026-06-30 15:42:00-04:00,DEMO,150.9414933794059,151.01140137426748,150.9346772478201,150.99290101835987,1123
2026-06-30 15:43:00-04:00,DEMO,150.99290101835987,151.0593328794576,150.9788639426903,151.0434102223733,885
2026-06-30 15:44:00-04:00,DEMO,151.0434102223733,151.0851769976528,151.0259648013983,151.07665721245274,934
2026-06-30 15:45:00-04:00,DEMO,151.07665721245274,151.26090667671636,151.07389188438827,151.2163163984735,867
2026-06-30 15:46:00-04:00,DEMO,151.2163163984735,151.21840692540877,151.20397320097268,151.20400669714155,851
2026-06-30 15:47:00-04:00,DEMO,151.20400669714155,151.21791149611278,151.0469715203128,151.08379535961754,1100
2026-06-30 15:48:00-04:00,DEMO,151.08379535961754,151.21204664524956,151.02252355640402,151.18005062130857,1131
2026-06-30 15:49:00-04:00,DEMO,151.18005062130857,151.2220960367911,151.11714655119715,151.15258865545115,896
2026-06-30 15:50:00-04:00,DEMO,151.15258865545115,151.20228636563388,151.1229118947918,151.15906148211175,1066
2026-06-30 15:51:00-04:00,DEMO,151.15906148211175,151.27161503821077,151.14997996592254,151.23763452320338,1010
2026-06-30 15:52:00-04:00,DEMO,151.23763452320338,151.24401485862478,151.13513374649568,151.14149895073984,870
2026-06-30 15:53:00-04:00,DEMO,151.14149895073984,151.17526457876366,151.02871697669914,151.06640011789347,1124
2026-06-30 15:54:00-04:00,DEMO,151.06640011789347,151.06670144740852,150.94569449085859,150.97032344166635,1111
2026-06-30 15:55:00-04:00,DEMO,150.97032344166635,150.9753933735888,150.90115422230173,150.92267526426483,1020
2026-06-30 15:56:00-04:00,DEMO,150.92267526426483,150.97639024488737,150.86123966196294,150.94905346062583,1062
2026-06-30 15:57:00-04:00,DEMO,150.94905346062583,150.99042951380707,150.90400991193215,150.9805047311946,969
2026-06-30 15:58:00-04:00,DEMO,150.9805047311946,150.99859083016491,150.9702109957525,150.99708118195431,1087
2026-06-30 15:59:00-04:00,DEMO,150.99708118195431,151.02964748487517,150.90322564666312,150.9123152289208,983
2026-07-01 04:00:00-04:00,DEMO,150.5,150.59429189271452,150.48025034115332,150.55497868646447,916
2026-07-01 04:01:00-04:00,DEMO,150.55497868646447,150.58952741224854,150.44773789391778,150.45098614027194,1087
2026-07-01 04:02:00-04:00,DEMO,150.45098614027194,150.51600308064522,150.4492411706279,150.50270614329665,1057
2026-07-01 04:03:00-04:00,DEMO,150.50270614329665,150.5339326425636,150.44658809381977,150.47992495178812,1075
2026-07-01 04:04:00-04:00,DEMO,150.47992495178812,150.51279711932182,150.44312964300502,150.50254181892984,990
2026-07-01 04:05:00-04:00,DEMO,150.50254181892984,150.51418602305128,150.42079370984752,150.43492254431777,1117
2026-07-01 04:06:00-04:00,DEMO,150.43492254431777,150.57400557207941,150.36987533644148,150.51464040832875,966
2026-07-01 04:07:00-04:00,DEMO,150.51464040832875,150.63282137081748,150.50950514515472,150.58937850593907,1091
2026-07-01 04:08:00-04:00,DEMO,150.58937850593907,150.6520447669518,150.57742642949523,150.64695393748406,911
2026-07-01 04:09:00-04:00,DEMO,150.64695393748406,150.6751527630717,150.52336248576447,150.55606865093645,924
2026-07-01 04:10:00-04:00,DEMO,150.55606865093645,150.61815094871,150.5437319457076,150.60581591520042,1008
2026-07-01 04:11:00-04:00,DEMO,150.60581591520042,150.6336427072921,150.58932880984412,150.63010722045857,1016
2026-07-01 04:12:00-04:00,DEMO,150.63010722045857,150.68824150483042,150.52386809959967,150.5337909456306,1073
2026-07-01 04:13:00-04:00,DEMO,150.5337909456306,150.53971159855033,150.5294893987672,150.53233310260435,939
2026-07-01 04:14:00-04:00,DEMO,150.53233310260435,150.6017778585032,150.51391218933136,150.55420517194634,1111
2026-07-01 04:15:00-04:00,DEMO,150.55420517194634,150.59890564583495,150.5426412790382,150.58756968837574,948
2026-07-01 04:16:00-04:00,DEMO,150.58756968837574,150.6047005668128,150.5626558162633,150.59820537039266,1010
2026-07-01 04:17:00-04:00,DEMO,150.59820537039266,150.64130229773164,150.573362923465,150.6156792554035,1129
2026-07-01 04:18:00-04:00,DEMO,150.6156792554035,150.70819477643937,150.60831443433955,150.7040959389387,1011
2026-07-01 04:19:00-04:00,DEMO,150.7040959389387,150.79218197824662,150.681029945869,150.77765797353334,1054
2026-07-01 04:20:00-04:00,DEMO,150.77765797353334,150.83455138362638,150.58913373901163,150.60563467630638,1122
2026-07-01 04:21:00-04:00,DEMO,150.60563467630638,150.62165944429125,150.53867724109773,150.58658836301612,1142
2026-07-01 04:22:00-04:00,DEMO,150.58658836301612,150.58941757325934,150.5576233184307,150.57670930136348,999
2026-07-01 04:23:00-04:00,DEMO,150.57670930136348,150.6020263976482,150.43710465571615,150.47158338699987,975
2026-07-01 04:24:00-04:00,DEMO,150.47158338699987,150.48039928825074,150.4467250092875,150.4772343704938,909
2026-07-01 04:25:00-04:00,DEMO,150.4772343704938,150.56675184575857,150.46072330633007,150.55215983683843,1011
2026-07-01 04:26:00-04:00,DEMO,150.55215983683843,150.56537049011632,150.47451769190627,150.486965765263,1125
2026-07-01 04:27:00-04:00,DEMO,150.486965765263,150.5223071004871,150.4844093487718,150.5071498215844,996
2026-07-01 04:28:00-04:00,DEMO,150.5071498215844,150.54060938186748,150.42412648671893,150.4522004129466,954
2026-07-01 04:29:00-04:00,DEMO,150.4522004129466,150.47838329509847,150.3927140091926,150.4118856915258,882
2026-07-01 04:30:00-04:00,DEMO,150.4118856915258,150.53547146365398,150.38126807208454,150.50052930957602,966
2026-07-01 04:31:00-04:00,DEMO,150.50052930957602,150.5170968447849,150.4390021008099,150.46797584036932,921
2026-07-01 04:32:00-04:00,DEMO,150.46797584036932,150.5437822445616,150.39653987979082,150.49570858970995,1143
2026-07-01 04:33:00-04:00,DEMO,150.49570858970995,150.52389245875102,150.374274224082,150.3834355027463,1008
2026-07-01 04:34:00-04:00,DEMO,150.3834355027463,150.49761465624238,150.36885779935486,150.49517455643,891
2026-07-01 04:35:00-04:00,DEMO,150.49517455643,150.5548469585959,150.4828530622076,150.53133370320836,870
2026-07-01 04:36:00-04:00,DEMO,150.53133370320836,150.54456551087586,150.4751283796222,150.52038371264936,1105
2026-07-01 04:37:00-04:00,DEMO,150.52038371264936,150.556748386114,150.5053157285736,150.55491650324936,1129
2026-07-01 04:38:00-04:00,DEMO,150.55491650324936,150.55585458405784,150.44300495648503,150.4703273375125,1078
2026-07-01 04:39:00-04:00,DEMO,150.4703273375125,150.54355095525827,150.4341522231021,150.54127918201763,887
2026-07-01 04:40:00-04:00,DEMO,150.54127918201763,150.54204999486973,150.47878109693795,150.52184009548785,879
2026-07-01 04:41:00-04:00,DEMO,150.52184009548785,150.52719947323047,150.5027743616343,150.50959592458494,909
2026-07-01 04:42:00-04:00,DEMO,150.50959592458494,150.54564539297596,150.47060439817167,150.48009658768703,1075
2026-07-01 04:43:00-04:00,DEMO,150.48009658768703,150.49300935624106,150.43753194439236,150.44525750352227,1079
2026-07-01 04:44:00-04:00,DEMO,150.44525750352227,150.50980334156966,150.4409357264612,150.48693774022,1101
2026-07-01 04:45:00-04:00,DEMO,150.48693774022,150.53650050866503,150.462823973164,150.50229215122624,879
2026-07-01 04:46:00-04:00,DEMO,150.50229215122624,150.5461359274989,150.50148372325887,150.54139703971043,895
2026-07-01 04:47:00-04:00,DEMO,150.54139703971043,150.5618908879297,150.52760200989067,150.5408693583413,1120
2026-07-01 04:48:00-04:00,DEMO,150.5408693583413,150.57444510774087,150.53596925089516,150.57166134700591,1128
2026-07-01 04:49:00-04:00,DEMO,150.57166134700591,150.58137717653258,150.5379766001021,150.5465304223704,1067
2026-07-01 04:50:00-04:00,DEMO,150.5465304223704,150.71724917447935,150.51135756823035,150.68031433285498,881
2026-07-01 04:51:00-04:00,DEMO,150.68031433285498,150.69297891170973,150.53679478130996,150.58623850786915,870
2026-07-01 04:52:00-04:00,DEMO,150.58623850786915,150.69468982642735,150.57969946034248,150.66189474728293,866
2026-07-01 04:53:00-04:00,DEMO,150.66189474728293,150.76074989461657,150.6604823299831,150.7439691943262,1057
2026-07-01 04:54:00-04:00,DEMO,150.7439691943262,150.76333549073277,150.66068641505052,150.69283966596825,1103
2026-07-01 04:55:00-04:00,DEMO,150.69283966596825,150.84102099188604,150.6919777943424,150.8265960826016,1039
2026-07-01 04:56:00-04:00,DEMO,150.8265960826016,150.894170975081,150.82525226852684,150.88632549957833,928
2026-07-01 04:57:00-04:00,DEMO,150.88632549957833,150.95688752548097,150.83242529942686,150.9445938399877,1077
2026-07-01 04:58:00-04:00,DEMO,150.9445938399877,150.96859656661735,150.9217157235007,150.94627517120927,867
2026-07-01 04:59:00-04:00,DEMO,150.94627517120927,150.9656379227471,150.92306000437276,150.93324160171613,1098
2026-07-01 05:00:00-04:00,DEMO,150.93324160171613,150.94871526553092,150.9110006038589,150.92067707209378,1117
2026-07-01 05:01:00-04:00,DEMO,150.92067707209378,150.96051818021164,150.8918351991838,150.94410890787293,1065
2026-07-01 05:02:00-04:00,DEMO,150.94410890787293,151.04232105308387,150.94014770661045,151.02818008437498,1113
2026-07-01 05:03:00-04:00,DEMO,151.02818008437498,151.06653872633535,151.00261990374096,151.03905893744667,1025
2026-07-01 05:04:00-04:00,DEMO,151.03905893744667,151.05477884478694,150.96494549608363,150.9843723200584,990
2026-07-01 05:05:00-04:00,DEMO,150.9843723200584,151.07658654265182,150.98199017538306,151.03383794380153,946
2026-07-01 05:06:00-04:00,DEMO,151.03383794380153,151.14579809368269,151.02213853596842,151.0891069885852,1126
2026-07-01 05:07:00-04:00,DEMO,151.0891069885852,151.1541544860904,151.07337337647684,151.12838656029209,1059
2026-07-01 05:08:00-04:00,DEMO,151.12838656029209,151.17487697286674,151.11669106571935,151.17311649468357,907
2026-07-01 05:09:00-04:00,DEMO,151.17311649468357,151.20252150259967,151.15198320754553,151.1568608068741,1137
2026-07-01 05:10:00-04:00,DEMO,151.1568608068741,151.1763009550678,151.0853863566937,151.10112145684627,867
2026-07-01 05:11:00-04:00,DEMO,151.10112145684627,151.11687351960268,151.04573300567978,151.04902985100782,1026
2026-07-01 05:12:00-04:00,DEMO,151.04902985100782,151.07545872286127,150.93043295734165,150.95090205610035,907
2026-07-01 05:13:00-04:00,DEMO,150.95090205610035,150.99141615461556,150.9485372427764,150.9651189727931,1049
2026-07-01 05:14:00-04:00,DEMO,150.9651189727931,150.96872608225613,150.94049482789623,150.96011204579952,973
2026-07-01 05:15:00-04:00,DEMO,150.96011204579952,150.99053000625918,150.91194221426858,150.93371278352774,981
2026-07-01 05:16:00-04:00,DEMO,150.93371278352774,150.95476595750617,150.7362624883114,150.75637565406703,1051
2026-07-01 05:17:00-04:00,DEMO,150.75637565406703,150.77931949250245,150.6363330047136,150.68153660588538,1076
2026-07-01 05:18:00-04:00,DEMO,150.68153660588538,150.81902626922198,150.642949284485,150.74878704496956,964
2026-07-01 05:19:00-04:00,DEMO,150.74878704496956,150.76007165624367,150.70249301669796,150.70890948496577,1149
2026-07-01 05:20:00-04:00,DEMO,150.70890948496577,150.7323454266731,150.66604733757836,150.7305449856252,999
2026-07-01 05:21:00-04:00,DEMO,150.7305449856252,150.76292851523684,150.6292583723962,150.64710385982667,898
2026-07-01 05:22:00-04:00,DEMO,150.64710385982667,150.7760784827214,150.62780700251741,150.73342618876822,851
2026-07-01 05:23:00-04:00,DEMO,150.73342618876822,150.7614137057883,150.71779260838662,150.72478452916494,910
2026-07-01 05:24:00-04:00,DEMO,150.72478452916494,150.74960984972236,150.71198299368197,150.74218695295397,1057
2026-07-01 05:25:00-04:00,DEMO,150.74218695295397,150.91540380418635,150.70716490644614,150.88173374046687,1011
2026-07-01 05:26:00-04:00,DEMO,150.88173374046687,150.97798681844532,150.8555515618073,150.9727201465022,951
2026-07-01 05:27:00-04:00,DEMO,150.9727201465022,151.00075592265264,150.93437237528113,150.954326209225,994
2026-07-01 05:28:00-04:00,DEMO,150.954326209225,150.99088509081184,150.91344833625658,150.91873299813278,1101
2026-07-01 05:29:00-04:00,DEMO,150.91873299813278,150.9389628664291,150.88943892414025,150.8992002974416,1021
2026-07-01 05:30:00-04:00,DEMO,150.8992002974416,150.9321801683124,150.88679172158308,150.92979419235022,867
2026-07-01 05:31:00-04:00,DEMO,150.92979419235022,150.9907035839314,150.90069979318093,150.92348074429515,864
2026-07-01 05:32:00-04:00,DEMO,150.92348074429515,150.94806614376162,150.8948016300779,150.89976609559494,994
2026-07-01 05:33:00-04:00,DEMO,150.89976609559494,151.00499099892747,150.88753149712147,150.98779697063748,971
2026-07-01 05:34:00-04:00,DEMO,150.98779697063748,151.01811906293057,150.97446414564794,150.9809443771308,1105
2026-07-01 05:35:00-04:00,DEMO,150.9809443771308,151.14664896800036,150.9793769195499,151.11891972271306,1024
2026-07-01 05:36:00-04:00,DEMO,151.11891972271306,151.16416460159422,151.11623136821171,151.1243642765382,1077
2026-07-01 05:37:00-04:00,DEMO,151.1243642765382,151.239022187862,151.1189868231427,151.23148338019166,1025
2026-07-01 05:38:00-04:00,DEMO,151.23148338019166,151.27831042596637,151.21216988500208,151.2529225455543,953
2026-07-01 05:39:00-04:00,DEMO,151.2529225455543,151.35215856908883,151.2390439035057,151.31070017994927,1047
2026-07-01 05:40:00-04:00,DEMO,151.8,152.0,151.7,151.9,1036
2026-07-01 05:41:00-04:00,DEMO,151.2672235168582,151.27406957681592,151.19576981387942,151.21599796350296,1066
2026-07-01 05:42:00-04:00,DEMO,151.21599796350296,151.25109943542503,151.2143061820514,151.24358032080386,906
2026-07-01 05:43:00-04:00,DEMO,151.24358032080386,151.3491975617368,151.24287987618146,151.30289351535177,1042
2026-07-01 05:44:00-04:00,DEMO,151.30289351535177,151.31345135822366,151.29806397585645,151.3053089054718,935
2026-07-01 05:45:00-04:00,DEMO,151.3053089054718,151.3134915412282,151.17296217268827,151.22812530536677,1087
2026-07-01 05:46:00-04:00,DEMO,151.22812530536677,151.23182711548046,151.1334154839259,151.14650980338942,1089
2026-07-01 05:47:00-04:00,DEMO,151.14650980338942,151.16059658902506,151.05032439378013,151.06088161925825,1037
2026-07-01 05:48:00-04:00,DEMO,151.06088161925825,151.0719569230893,150.9281127408008,150.9548242924819,1134
2026-07-01 05:49:00-04:00,DEMO,150.9548242924819,150.9623860711074,150.95237424462942,150.96139341404873,1011
2026-07-01 05:50:00-04:00,DEMO,150.96139341404873,151.03995741447545,150.90294728606943,151.0288960493512,857
2026-07-01 05:51:00-04:00,DEMO,151.0288960493512,151.03650671842263,151.01864011984242,151.0280911021357,1031
2026-07-01 05:52:00-04:00,DEMO,151.0280911021357,151.0383323253449,150.88436398613743,150.89246621669542,1083
2026-07-01 05:53:00-04:00,DEMO,150.89246621669542,150.89477506765178,150.86105044545306,150.88102058907538,880
2026-07-01 05:54:00-04:00,DEMO,150.88102058907538,150.92904348722274,150.86246453089882,150.8712526492774,881
2026-07-01 05:55:00-04:00,DEMO,150.8712526492774,151.00893845247157,150.8650293015175,150.99701257429092,931
2026-07-01 05:56:00-04:00,DEMO,150.99701257429092,150.99702665171898,150.88842669795807,150.90958429951576,1103
2026-07-01 05:57:00-04:00,DEMO,150.90958429951576,150.9105766376807,150.87816627250922,150.88614364335982,1008
2026-07-01 05:58:00-04:00,DEMO,150.88614364335982,151.01251316188234,150.85466577212645,150.98849480419247,1142
2026-07-01 05:59:00-04:00,DEMO,150.98849480419247,151.0643138929245,150.98612067142764,151.0154935046733,1111
2026-07-01 06:00:00-04:00,DEMO,151.0154935046733,151.09863813583073,151.00718929142732,151.04929228908426,1016
2026-07-01 06:01:00-04:00,DEMO,151.04929228908426,151.06301245143877,150.9816926614023,151.0561673553057,1053
2026-07-01 06:02:00-04:00,DEMO,151.0561673553057,151.07614188900337,151.04631141406963,151.07596396762514,949
2026-07-01 06:03:00-04:00,DEMO,151.07596396762514,151.12687496302163,151.05797692897568,151.12262053944184,877
2026-07-01 06:04:00-04:00,DEMO,151.12262053944184,151.13417371632116,151.0566947662521,151.0740513603083,969
2026-07-01 06:05:00-04:00,DEMO,151.0740513603083,151.14334371689876,151.05048436244502,151.12673487504276,1027
2026-07-01 06:06:00-04:00,DEMO,151.12673487504276,151.15005084611752,151.0209404601332,151.04435469402964,904
2026-07-01 06:07:00-04:00,DEMO,151.04435469402964,151.07615632974833,151.0352452617073,151.06405677239954,916
2026-07-01 06:08:00-04:00,DEMO,151.06405677239954,151.08130194165685,151.06087271050814,151.07478123019672,854
2026-07-01 06:09:00-04:00,DEMO,151.07478123019672,151.1274734648871,151.03621592804421,151.03780364490518,1070
2026-07-01 06:10:00-04:00,DEMO,151.03780364490518,151.05703455010612,151.0181552181871,151.03644252838563,1119
2026-07-01 06:11:00-04:00,DEMO,151.03644252838563,151.06698574504108,150.97792151690362,150.9990901192257,1098
2026-07-01 06:12:00-04:00,DEMO,150.9990901192257,151.01520407952532,150.90789873246044,150.934788039614,963
2026-07-01 06:13:00-04:00,DEMO,150.934788039614,150.9567791002982,150.90796372243764,150.91357115511718,1028
2026-07-01 06:14:00-04:00,DEMO,150.91357115511718,150.93041601495887,150.8323078548774,150.8473318369949,1138
2026-07-01 06:15:00-04:00,DEMO,150.8473318369949,150.8882129275395,150.83901852916745,150.86669968484048,1027
2026-07-01 06:16:00-04:00,DEMO,150.86669968484048,150.90567009103546,150.7774582119639,150.79769455519133,938
2026-07-01 06:17:00-04:00,DEMO,150.79769455519133,150.8623159246765,150.78075743413905,150.8404131765708,951
2026-07-01 06:18:00-04:00,DEMO,150.8404131765708,150.8460745411844,150.75092790931768,150.76952443249507,1068
2026-07-01 06:19:00-04:00,DEMO,150.76952443249507,150.78820623377365,150.72250827144055,150.7355467375602,983
2026-07-01 06:20:00-04:00,DEMO,150.7355467375602,150.73698198934616,150.67447169494923,150.6980705330673,1101
2026-07-01 06:21:00-04:00,DEMO,150.6980705330673,150.80551252685106,150.66554157435098,150.7775793367998,1109
2026-07-01 06:22:00-04:00,DEMO,150.7775793367998,150.80776214066248,150.7617437982741,150.7973967335368,860
2026-07-01 06:23:00-04:00,DEMO,150.7973967335368,150.81186327438218,150.76956787099215,150.78469270538412,1066
2026-07-01 06:24:00-04:00,DEMO,150.78469270538412,150.81681494425658,150.75351241985555,150.8146158718483,960
2026-07-01 06:25:00-04:00,DEMO,150.8146158718483,150.8201054950278,150.61786809980256,150.68818433100853,1005
2026-07-01 06:26:00-04:00,DEMO,150.68818433100853,150.69465197855067,150.64286566303232,150.68559631563008,929
2026-07-01 06:27:00-04:00,DEMO,150.68559631563008,150.84240413969127,150.66713690110817,150.80544716629836,960
2026-07-01 06:28:00-04:00,DEMO,150.80544716629836,150.83590526127531,150.790042789194,150.8133879566825,949
2026-07-01 06:29:00-04:00,DEMO,150.8133879566825,150.83214576590177,150.79211746612293,150.8174627468327,865
2026-07-01 06:30:00-04:00,DEMO,150.8174627468327,150.85062508744937,150.79052316564258,150.8503504496112,1084
2026-07-01 06:31:00-04:00,DEMO,150.8503504496112,150.92606061490258,150.84285912300982,150.90408676421006,892
2026-07-01 06:32:00-04:00,DEMO,150.90408676421006,150.94152109346243,150.75382366975444,150.78423876263668,962
2026-07-01 06:33:00-04:00,DEMO,150.78423876263668,150.8169961813808,150.67492311454077,150.6832991737292,907
2026-07-01 06:34:00-04:00,DEMO,150.6832991737292,150.74685986388775,150.6820067156935,150.69591665119438,898
2026-07-01 06:35:00-04:00,DEMO,150.69591665119438,150.6967340318257,150.64099834086144,150.65302405748054,962
2026-07-01 06:36:00-04:00,DEMO,150.65302405748054,150.75970321864392,150.64033084618958,150.73174557321374,1125
2026-07-01 06:37:00-04:00,DEMO,150.73174557321374,150.7413593259642,150.69775993848495,150.71283510982062,1133
2026-07-01 06:38:00-04:00,DEMO,150.71283510982062,150.72936956456792,150.58742804225722,150.59676326567782,964
2026-07-01 06:39:00-04:00,DEMO,150.59676326567782,150.6128018336974,150.46765384560135,150.5206824306672,1001
2026-07-01 06:40:00-04:00,DEMO,150.5206824306672,150.5264644812358,150.3498410915773,150.35570186948937,1145
2026-07-01 06:41:00-04:00,DEMO,150.35570186948937,150.36318531718317,150.29509221843676,150.34165433725238,920
2026-07-01 06:42:00-04:00,DEMO,150.34165433725238,150.3584571951298,150.30529189597237,150.33035128961652,1133
2026-07-01 06:43:00-04:00,DEMO,150.33035128961652,150.3422294913002,150.2613709523039,150.3048835270296,881
2026-07-01 06:44:00-04:00,DEMO,150.3048835270296,150.38691461177575,150.30445016130082,150.3696162693714,917
2026-07-01 06:45:00-04:00,DEMO,150.3696162693714,150.4457437533974,150.36657113877007,150.4415274595624,951
2026-07-01 06:46:00-04:00,DEMO,150.4415274595624,150.4676210445054,150.41959351171351,150.431304154161,861
2026-07-01 06:47:00-04:00,DEMO,150.431304154161,150.44113857591736,150.25294938130241,150.30322253411242,1094
2026-07-01 06:48:00-04:00,DEMO,150.30322253411242,150.37518348038572,150.2894979622605,150.34025942894195,1106
2026-07-01 06:49:00-04:00,DEMO,150.34025942894195,150.38997149418174,150.3221069699058,150.37358104265246,965
2026-07-01 06:50:00-04:00,DEMO,150.37358104265246,150.41925980242277,150.3503042054539,150.39214453686188,1100
2026-07-01 06:51:00-04:00,DEMO,150.39214453686188,150.4863461485694,150.3671659145786,150.45103332182038,1081
2026-07-01 06:52:00-04:00,DEMO,150.45103332182038,150.4766357928164,150.38022349855527,150.3811436360327,1090
2026-07-01 06:53:00-04:00,DEMO,150.3811436360327,150.50891609610179,150.3768184575414,150.5016689592038,1090
2026-07-01 06:54:00-04:00,DEMO,150.5016689592038,150.5055997802897,150.39769550483743,150.4441032940153,1022
2026-07-01 06:55:00-04:00,DEMO,150.4441032940153,150.49428247604803,150.43959561844406,150.48905666964734,883
2026-07-01 06:56:00-04:00,DEMO,150.48905666964734,150.50601976843234,150.38746400591072,150.38781580798255,1127
2026-07-01 06:57:00-04:00,DEMO,150.38781580798255,150.3970852622191,150.32662119760207,150.33199992674633,1032
2026-07-01 06:58:00-04:00,DEMO,150.33199992674633,150.42887129231588,150.31166516643768,150.42298204554987,1120
2026-07-01 06:59:00-04:00,DEMO,150.42298204554987,150.44478040471287,150.39383967662178,150.4073280561698,1137
2026-07-01 07:00:00-04:00,DEMO,150.4073280561698,150.47176857606593,150.40290657633048,150.45772341247778,906
2026-07-01 07:01:00-04:00,DEMO,150.45772341247778,150.4873455543007,150.45545341188753,150.47194073580093,970
2026-07-01 07:02:00-04:00,DEMO,150.47194073580093,150.50179987281905,150.45052345687716,150.46564324644092,907
2026-07-01 07:03:00-04:00,DEMO,150.46564324644092,150.57408608459005,150.43862184131714,150.5474742659369,865
2026-07-01 07:04:00-04:00,DEMO,150.5474742659369,150.59318414872294,150.5259160433696,150.53327473645777,1139
2026-07-01 07:05:00-04:00,DEMO,150.53327473645777,150.55152045618317,150.41502654510109,150.42643045000398,1126
2026-07-01 07:06:00-04:00,DEMO,150.42643045000398,150.47165331355603,150.36729465264852,150.37823604448687,1129
2026-07-01 07:07:00-04:00,DEMO,150.37823604448687,150.4469407717957,150.3629649215766,150.41130754820895,1115
2026-07-01 07:08:00-04:00,DEMO,150.41130754820895,150.47569020680638,150.40045253737748,150.4350380945907,1044
2026-07-01 07:09:00-04:00,DEMO,150.4350380945907,150.4531594613796,150.32125476265244,150.3410145995766,1006
2026-07-01 07:10:00-04:00,DEMO,150.3410145995766,150.37656725832468,150.2730644148832,150.2975540484121,1147
2026-07-01 07:11:00-04:00,DEMO,150.2975540484121,150.30897429793058,150.2303586058185,150.26265076745997,1015
2026-07-01 07:12:00-04:00,DEMO,150.26265076745997,150.26518695322622,150.19626456914511,150.2407225918131,1042
2026-07-01 07:13:00-04:00,DEMO,150.2407225918131,150.2909199180832,150.13650737303053,150.158167776497,913
2026-07-01 07:14:00-04:00,DEMO,150.158167776497,150.16483618069643,150.12011805477653,150.12046551000984,1074
2026-07-01 07:15:00-04:00,DEMO,150.12046551000984,150.1470545032457,150.07646693847883,150.07674888089429,1095
2026-07-01 07:16:00-04:00,DEMO,150.07674888089429,150.12803175192778,150.07429704168098,150.12304087648,1053
2026-07-01 07:17:00-04:00,DEMO,150.12304087648,150.21061822819414,150.10680930348974,150.1715881551394,999
2026-07-01 07:18:00-04:00,DEMO,150.1715881551394,150.18515961075136,150.1257004775733,150.16283952765409,909
2026-07-01 07:19:00-04:00,DEMO,150.16283952765409,150.18845234453974,150.1370001537511,150.13931713990183,860
2026-07-01 07:20:00-04:00,DEMO,150.13931713990183,150.16729209516706,150.12010824841315,150.14771259862417,1038
2026-07-01 07:21:00-04:00,DEMO,150.14771259862417,150.17613566315944,150.09656825515816,150.09871809217685,1054
2026-07-01 07:22:00-04:00,DEMO,150.09871809217685,150.1526186682406,150.0100570787043,150.0299081672468,1081
2026-07-01 07:23:00-04:00,DEMO,150.0299081672468,150.03656850559867,149.94600343606515,149.97349489471125,1135
2026-07-01 07:24:00-04:00,DEMO,149.97349489471125,149.98803474306828,149.92954864586355,149.93540610487298,999
2026-07-01 07:25:00-04:00,DEMO,149.93540610487298,149.97418159018167,149.8618246387153,149.86559767688544,1098
2026-07-01 07:26:00-04:00,DEMO,149.86559767688544,149.88664671933702,149.8511156276024,149.8753212504292,1064
2026-07-01 07:27:00-04:00,DEMO,149.8753212504292,149.93035345040283,149.82067465626878,149.91910419085622,933
2026-07-01 07:28:00-04:00,DEMO,149.91910419085622,149.94599758982235,149.81694605452805,149.82387829280833,1103
2026-07-01 07:29:00-04:00,DEMO,149.82387829280833,149.8392503256223,149.81175124863174,149.82538601548129,865
2026-07-01 07:30:00-04:00,DEMO,149.82538601548129,149.85216862895453,149.78525083454363,149.8121898677653,1029
2026-07-01 07:31:00-04:00,DEMO,149.8121898677653,149.84775381249142,149.7800171817519,149.83268038889753,1132
2026-07-01 07:32:00-04:00,DEMO,149.83268038889753,149.83593104043499,149.79233332664197,149.8319040628113,1047
2026-07-01 07:33:00-04:00,DEMO,149.8319040628113,149.84738168827292,149.7216011115171,149.74468810601542,1131
2026-07-01 07:34:00-04:00,DEMO,149.74468810601542,149.77371090492508,149.64284614629727,149.668944748084,866
2026-07-01 07:35:00-04:00,DEMO,149.668944748084,149.67151941513725,149.66796727505357,149.6707101626191,1009
2026-07-01 07:36:00-04:00,DEMO,149.6707101626191,149.736120076066,149.66845535228467,149.73243701780382,1084
2026-07-01 07:37:00-04:00,DEMO,149.73243701780382,149.74418293051627,149.57743733733892,149.6,1042
2026-07-01 07:38:00-04:00,DEMO,149.6,149.63121582872827,149.59237566953217,149.62032937032933,1114
2026-07-01 07:39:00-04:00,DEMO,149.62032937032933,149.7112175270127,149.5895949773881,149.69170669064658,988
2026-07-01 07:40:00-04:00,DEMO,149.69170669064658,149.704452208341,149.6623752978534,149.6825251380742,1054
2026-07-01 07:41:00-04:00,DEMO,149.6825251380742,149.72933375712407,149.64768332596503,149.7155372878358,975
2026-07-01 07:42:00-04:00,DEMO,149.7155372878358,149.7884662848532,149.64978830245946,149.67335314298194,1111
2026-07-01 07:43:00-04:00,DEMO,149.67335314298194,149.7031107855697,149.65388374822686,149.6661911710253,885
2026-07-01 07:44:00-04:00,DEMO,149.6661911710253,149.7423819851591,149.58448703448377,149.6,926
2026-07-01 07:45:00-04:00,DEMO,149.6,149.6154012256389,149.56044582459683,149.6,879
2026-07-01 07:46:00-04:00,DEMO,149.6,149.62563370085644,149.58138441608904,149.6,1060
2026-07-01 07:47:00-04:00,DEMO,149.6,149.6079321681313,149.59863238907877,149.6,919
2026-07-01 07:48:00-04:00,DEMO,149.6,149.63665464956173,149.5708581977529,149.6,945
2026-07-01 07:49:00-04:00,DEMO,149.6,149.62734342654292,149.57408545062825,149.6,1100
2026-07-01 07:50:00-04:00,DEMO,149.6,149.62567264365802,149.5978870029622,149.6,958
2026-07-01 07:51:00-04:00,DEMO,149.6,149.6480376132637,149.58312138350263,149.6,893
2026-07-01 07:52:00-04:00,DEMO,149.6,149.62822477752405,149.54046831649694,149.6,856
2026-07-01 07:53:00-04:00,DEMO,149.6,149.60137755247604,149.57415534580153,149.6,918
2026-07-01 07:54:00-04:00,DEMO,149.6,149.62980988326106,149.57043873569484,149.6,1124
2026-07-01 07:55:00-04:00,DEMO,149.6,149.61457787680757,149.59170011266357,149.6,1014
2026-07-01 07:56:00-04:00,DEMO,149.6,149.62543060852752,149.59383292125972,149.6,1148
2026-07-01 07:57:00-04:00,DEMO,149.6,149.62165563002145,149.5728853402134,149.6,914
2026-07-01 07:58:00-04:00,DEMO,149.6,149.61831069524408,149.58622689047766,149.6,955
2026-07-01 07:59:00-04:00,DEMO,149.6,149.6429790283469,149.54056773770674,149.6,898
2026-07-01 08:00:00-04:00,DEMO,149.6,149.610089802963,149.5803805188211,149.6,969
2026-07-01 08:01:00-04:00,DEMO,149.6,149.6215796415586,149.59654487176616,149.6,1018
2026-07-01 08:02:00-04:00,DEMO,149.6,149.63233774921147,149.595125502847,149.6,1092
2026-07-01 08:03:00-04:00,DEMO,149.6,149.63375247795315,149.58805973175606,149.6,960
2026-07-01 08:04:00-04:00,DEMO,149.6,149.6401057276171,149.58026583610825,149.6,1081
2026-07-01 08:05:00-04:00,DEMO,149.6,149.60083236848791,149.58478870658925,149.6,1037
2026-07-01 08:06:00-04:00,DEMO,149.6,149.6290483601595,149.59464312643613,149.6,937
2026-07-01 08:07:00-04:00,DEMO,149.6,149.61693185460024,149.553841574722,149.6,1123
2026-07-01 08:08:00-04:00,DEMO,149.6,149.6200404710192,149.58861296877862,149.6,980
2026-07-01 08:09:00-04:00,DEMO,149.6,149.6318654600504,149.58959079629653,149.6,895
2026-07-01 08:10:00-04:00,DEMO,149.3,149.4,149.0,149.2,1138
2026-07-01 08:11:00-04:00,DEMO,149.6,149.6306978887673,149.58421813174695,149.6,1124
2026-07-01 08:12:00-04:00,DEMO,149.6,149.65450915521845,149.57729016756832,149.6,864
2026-07-01 08:13:00-04:00,DEMO,149.6,149.6094919117712,149.5968283255926,149.6,1120
2026-07-01 08:14:00-04:00,DEMO,149.6,149.64507140491045,149.5234055033422,149.6,1134
2026-07-01 08:15:00-04:00,DEMO,149.6,149.6188040217017,149.5680477909322,149.6,1098
2026-07-01 08:16:00-04:00,DEMO,149.6,149.62272757221507,149.5528452710361,149.6,926
2026-07-01 08:17:00-04:00,DEMO,149.6,149.62178040180063,149.58633655517428,149.6,1039
2026-07-01 08:18:00-04:00,DEMO,149.6,149.65002407753974,149.55039641942176,149.6,1011
2026-07-01 08:19:00-04:00,DEMO,149.6,149.60141028917923,149.56911881529223,149.6,1036
2026-07-01 08:20:00-04:00,DEMO,149.6,149.6061342752249,149.59966611021142,149.6,1034
2026-07-01 08:21:00-04:00,DEMO,149.6,149.64440995740856,149.57237648777604,149.6,1041
2026-07-01 08:22:00-04:00,DEMO,149.6,149.62216654788514,149.5930760331195,149.6058174695442,1004
2026-07-01 08:23:00-04:00,DEMO,149.6058174695442,149.62274530235882,149.5943534911389,149.6173627366103,1057
2026-07-01 08:24:00-04:00,DEMO,149.6173627366103,149.71089909673796,149.60828750541742,149.68528587391515,1007
2026-07-01 08:25:00-04:00,DEMO,149.68528587391515,149.70798744500308,149.58256279220197,149.6,854
2026-07-01 08:26:00-04:00,DEMO,149.6,149.6701225528103,149.5430642387861,149.64005513816278,860
2026-07-01 08:27:00-04:00,DEMO,149.64005513816278,149.66971802067295,149.6157799797638,149.66255886727632,1137
2026-07-01 08:28:00-04:00,DEMO,149.66255886727632,149.74188075962041,149.62305038433018,149.72722946862103,1122
2026-07-01 08:29:00-04:00,DEMO,149.72722946862103,149.73133748510557,149.64287038604857,149.65403692393053,1025
2026-07-01 08:30:00-04:00,DEMO,149.65403692393053,149.67004917572692,149.57565371183165,149.60419073103424,902
2026-07-01 08:31:00-04:00,DEMO,149.60419073103424,149.6197193693597,149.57412321087082,149.61294702868292,1084
2026-07-01 08:32:00-04:00,DEMO,149.61294702868292,149.61885028097737,149.60125963074617,149.61192475532266,892
2026-07-01 08:33:00-04:00,DEMO,149.61192475532266,149.64726856453802,149.58280114419296,149.62890887060325,963
2026-07-01 08:34:00-04:00,DEMO,149.62890887060325,149.7061071269715,149.60571531061447,149.69397978025907,948
2026-07-01 08:35:00-04:00,DEMO,149.69397978025907,149.69993948963,149.53568706407574,149.6,853
2026-07-01 08:36:00-04:00,DEMO,149.6,149.64871105427525,149.58124995659378,149.64649570564393,1092
2026-07-01 08:37:00-04:00,DEMO,149.64649570564393,149.65775407857797,149.63381069123392,149.6469926202414,1002
2026-07-01 08:38:00-04:00,DEMO,149.6469926202414,149.6669062210044,149.62711273236243,149.63476570857392,944
2026-07-01 08:39:00-04:00,DEMO,149.63476570857392,149.64066156466927,149.58774444624902,149.6,1002
2026-07-01 08:40:00-04:00,DEMO,149.6,149.60766743219565,149.5777494812559,149.6,850
2026-07-01 08:41:00-04:00,DEMO,149.6,149.6026172507472,149.53093311235816,149.6,981
2026-07-01 08:42:00-04:00,DEMO,149.6,149.64241466707426,149.58913251315693,149.6,1005
2026-07-01 08:43:00-04:00,DEMO,149.6,149.63350890520053,149.5907660485075,149.6,951
2026-07-01 08:44:00-04:00,DEMO,149.6,149.61924642232637,149.58766945386233,149.6,1099
2026-07-01 08:45:00-04:00,DEMO,149.6,149.64732927903094,149.55161547041178,149.6,924
2026-07-01 08:46:00-04:00,DEMO,149.6,149.60543182895572,149.5996656046821,149.6,891
2026-07-01 08:47:00-04:00,DEMO,149.6,149.63937707069022,149.5677242736204,149.6,1008
2026-07-01 08:48:00-04:00,DEMO,149.6,149.61221671311168,149.59346448968174,149.6,1116
2026-07-01 08:49:00-04:00,DEMO,149.6,149.6042656269635,149.57933981725267,149.6,962
2026-07-01 08:50:00-04:00,DEMO,149.6,149.61401123672007,149.59301896115164,149.6,863
2026-07-01 08:51:00-04:00,DEMO,149.6,149.60077618001222,149.5657803842024,149.6,1140
2026-07-01 08:52:00-04:00,DEMO,149.6,149.60630157038509,149.59860151624667,149.6,983
2026-07-01 08:53:00-04:00,DEMO,149.6,149.61964941519827,149.58759698229778,149.6,901
2026-07-01 08:54:00-04:00,DEMO,149.6,149.60724689038688,149.59084167665875,149.6,1034
2026-07-01 08:55:00-04:00,DEMO,149.6,149.60495952901564,149.5927928635468,149.6,945
2026-07-01 08:56:00-04:00,DEMO,149.6,149.61918042671326,149.58987544202688,149.6,1131
2026-07-01 08:57:00-04:00,DEMO,149.6,149.62015704551712,149.54414034384504,149.6,938
2026-07-01 08:58:00-04:00,DEMO,149.6,149.6340060859398,149.59324007644761,149.6,1015
2026-07-01 08:59:00-04:00,DEMO,149.6,149.6097681256522,149.58951337767866,149.6,1012
2026-07-01 09:00:00-04:00,DEMO,149.6,149.61363308154918,149.56855552622827,149.6,922
2026-07-01 09:01:00-04:00,DEMO,149.6,149.6057915111059,149.5714936679764,149.6,999
2026-07-01 09:02:00-04:00,DEMO,149.6,149.6241292623182,149.599707089557,149.6,882
2026-07-01 09:03:00-04:00,DEMO,149.6,149.602196690927,149.54041528242607,149.6,1043
2026-07-01 09:04:00-04:00,DEMO,149.6,149.60980027343413,149.58708242953378,149.6,1077
2026-07-01 09:05:00-04:00,DEMO,149.6,149.60759593564094,149.54451314353443,149.6,1135
2026-07-01 09:06:00-04:00,DEMO,149.6,149.60228850048546,149.56325156922645,149.6,947
2026-07-01 09:07:00-04:00,DEMO,149.6,149.61327054570324,149.59576315322016,149.6,935
2026-07-01 09:08:00-04:00,DEMO,149.6,149.6553538153948,149.5750081495032,149.6,1014
2026-07-01 09:09:00-04:00,DEMO,149.6,149.61129877449633,149.57744722154547,149.6,1057
2026-07-01 09:10:00-04:00,DEMO,149.6,149.616646942778,149.5611873131675,149.6,1147
2026-07-01 09:11:00-04:00,DEMO,149.6,149.61085024558625,149.59348114039648,149.6,857
2026-07-01 09:12:00-04:00,DEMO,149.6,149.60629636038237,149.5991599140011,149.6,921
2026-07-01 09:13:00-04:00,DEMO,149.6,149.63511978869025,149.58771147934607,149.6,928
2026-07-01 09:14:00-04:00,DEMO,149.6,149.62806695636408,149.5978834679817,149.6,926
2026-07-01 09:15:00-04:00,DEMO,149.6,149.60235486438376,149.5308141026992,149.6,989
2026-07-01 09:16:00-04:00,DEMO,149.6,149.62777327738038,149.57913686131576,149.6,1111
2026-07-01 09:17:00-04:00,DEMO,149.6,149.62971960285884,149.57376253485342,149.6,859
2026-07-01 09:18:00-04:00,DEMO,149.6,149.6156418892899,149.57890157771115,149.6,1094
2026-07-01 09:19:00-04:00,DEMO,149.6,149.6316135497987,149.5630134464037,149.6,1035
2026-07-01 09:20:00-04:00,DEMO,149.6,149.64442957100644,149.59524820817748,149.6,1034
2026-07-01 09:21:00-04:00,DEMO,149.6,149.61646993420914,149.5486309673081,149.6,1053
2026-07-01 09:22:00-04:00,DEMO,149.6,149.6002549028906,149.59528534667484,149.6,884
2026-07-01 09:23:00-04:00,DEMO,149.6,149.63975547014053,149.57970660725007,149.6,1074
2026-07-01 09:24:00-04:00,DEMO,149.6,149.60398244459574,149.5757549901221,149.6,924
2026-07-01 09:25:00-04:00,DEMO,149.6,149.60070207687758,149.59559085123777,149.6,1004
2026-07-01 09:26:00-04:00,DEMO,149.6,149.61650750290053,149.58270575642493,149.6,1053
2026-07-01 09:27:00-04:00,DEMO,149.6,149.61454626098268,149.56244926870392,149.6,1031
2026-07-01 09:28:00-04:00,DEMO,149.6,149.6119150741831,149.58126357461484,149.6,946
2026-07-01 09:29:00-04:00,DEMO,149.6,149.60036700349724,149.5837114844839,149.6,968
2026-07-01 09:30:00-04:00,DEMO,150.5,150.52262018758037,150.46330113325845,150.46391235130645,959
2026-07-01 09:31:00-04:00,DEMO,150.46391235130645,150.5705571776241,150.45657727402985,150.5663184097316,879
2026-07-01 09:32:00-04:00,DEMO,150.5663184097316,150.62532208067162,150.56301587941127,150.57929069031096,1004
2026-07-01 09:33:00-04:00,DEMO,150.57929069031096,150.65919428329212,150.57361162035127,150.6275835242627,899
2026-07-01 09:34:00-04:00,DEMO,150.6275835242627,150.66424817518936,150.5875823422297,150.63500792512738,854
2026-07-01 09:35:00-04:00,DEMO,150.63500792512738,150.66755628938148,150.58925530046628,150.5998169860722,889
2026-07-01 09:36:00-04:00,DEMO,150.5998169860722,150.6436614167928,150.5816662602462,150.60047595962712,984
2026-07-01 09:37:00-04:00,DEMO,150.60047595962712,150.69819409333124,150.57124420690036,150.6866356006932,1136
2026-07-01 09:38:00-04:00,DEMO,150.6866356006932,150.72059098165866,150.65739370066757,150.71995000514997,922
2026-07-01 09:39:00-04:00,DEMO,150.71995000514997,150.73001957867763,150.59839006825428,150.61726161556612,935
2026-07-01 09:40:00-04:00,DEMO,150.61726161556612,150.6408721875262,150.596982729305,150.60434694817155,922
2026-07-01 09:41:00-04:00,DEMO,150.60434694817155,150.7171633418992,150.54144456827723,150.71128457573386,956
2026-07-01 09:42:00-04:00,DEMO,150.71128457573386,150.77274066587728,150.64525252547318,150.69845676402284,1065
2026-07-01 09:43:00-04:00,DEMO,150.69845676402284,150.7332585370472,150.56497510223082,150.5904280425188,946
2026-07-01 09:44:00-04:00,DEMO,150.5904280425188,150.72533442108895,150.57714746180397,150.70401097564414,1047
2026-07-01 09:45:00-04:00,DEMO,150.70401097564414,150.76114387880946,150.70116598651063,150.74495452623293,1119
2026-07-01 09:46:00-04:00,DEMO,150.74495452623293,150.7657425955496,150.73614458702474,150.74075375470414,1133
2026-07-01 09:47:00-04:00,DEMO,150.74075375470414,150.7851629456753,150.66969510347207,150.71846869053923,1018
2026-07-01 09:48:00-04:00,DEMO,150.71846869053923,150.80889757926832,150.68674145016772,150.78340980632672,1063
2026-07-01 09:49:00-04:00,DEMO,150.78340980632672,150.8124121274928,150.75020496845858,150.75089080231317,1125
2026-07-01 09:50:00-04:00,DEMO,150.75089080231317,150.8459374940603,150.74327991424283,150.8197861877841,1086
2026-07-01 09:51:00-04:00,DEMO,150.8197861877841,150.86406453615805,150.80137935987065,150.85231790492756,939
2026-07-01 09:52:00-04:00,DEMO,150.85231790492756,150.87116821380687,150.85160973630047,150.8669988204568,889
2026-07-01 09:53:00-04:00,DEMO,150.8669988204568,150.8944738476184,150.8270000871047,150.87572970877696,884
2026-07-01 09:54:00-04:00,DEMO,150.87572970877696,150.88551710971066,150.8299839711422,150.8652316265741,1114
2026-07-01 09:55:00-04:00,DEMO,150.8652316265741,150.9378109705691,150.84819126276082,150.92797003378666,1016
2026-07-01 09:56:00-04:00,DEMO,150.92797003378666,150.9684468292896,150.82526445974108,150.87604946386054,938
2026-07-01 09:57:00-04:00,DEMO,150.87604946386054,150.8788963437141,150.7779220981528,150.77873395625073,953
2026-07-01 09:58:00-04:00,DEMO,150.77873395625073,150.84257560460517,150.75303261711576,150.81560036362427,934
2026-07-01 09:59:00-04:00,DEMO,150.81560036362427,150.88341437053415,150.81426779189948,150.8534746633083,1090
2026-07-01 10:00:00-04:00,DEMO,150.8534746633083,150.89825811700092,150.8527060675018,150.88228913245902,1033
2026-07-01 10:01:00-04:00,DEMO,150.88228913245902,150.91504137701446,150.86768839912847,150.9067528346361,1113
2026-07-01 10:02:00-04:00,DEMO,150.9067528346361,150.92550654121692,150.88454231370167,150.88752041193584,940
2026-07-01 10:03:00-04:00,DEMO,150.88752041193584,150.95656876169193,150.87957044457548,150.93476937419896,991
2026-07-01 10:04:00-04:00,DEMO,150.93476937419896,150.9521310052471,150.9124294238708,150.9320358865937,886
2026-07-01 10:05:00-04:00,DEMO,148.55,148.7,147.8,148.6,2000
2026-07-01 10:06:00-04:00,DEMO,148.6,148.8525,148.57,148.8125,1000
2026-07-01 10:07:00-04:00,DEMO,148.8125,149.065,148.7825,149.025,1000
2026-07-01 10:08:00-04:00,DEMO,149.025,149.2775,148.995,149.2375,1000
2026-07-01 10:09:00-04:00,DEMO,149.2375,149.48999999999998,149.2075,149.45,1000
2026-07-01 10:10:00-04:00,DEMO,149.45,149.7025,149.42,149.6625,1000
2026-07-01 10:11:00-04:00,DEMO,149.6625,149.915,149.6325,149.875,1000
2026-07-01 10:12:00-04:00,DEMO,149.875,150.1275,149.845,150.0875,1000
2026-07-01 10:13:00-04:00,DEMO,150.0875,150.34,150.0575,150.3,1000
2026-07-01 10:14:00-04:00,DEMO,150.3,150.55249999999998,150.27,150.5125,1000
2026-07-01 10:15:00-04:00,DEMO,150.5125,150.765,150.4825,150.725,1000
2026-07-01 10:16:00-04:00,DEMO,150.725,150.9775,150.695,150.9375,1000
2026-07-01 10:17:00-04:00,DEMO,150.9375,151.19,150.9075,151.15,1000
2026-07-01 10:18:00-04:00,DEMO,150.59782440119147,150.6946138809856,150.5818061734364,150.6839247718708,1092
2026-07-01 10:19:00-04:00,DEMO,150.6839247718708,150.83920075126898,150.64323973838418,150.7733322324086,942
2026-07-01 10:20:00-04:00,DEMO,150.7733322324086,150.80876741963016,150.77185617697597,150.79486961884768,932
2026-07-01 10:21:00-04:00,DEMO,150.79486961884768,150.8092281181961,150.73511405108138,150.7976331071623,1019
2026-07-01 10:22:00-04:00,DEMO,150.7976331071623,150.88895992377022,150.78549820208946,150.87732250441607,908
2026-07-01 10:23:00-04:00,DEMO,150.87732250441607,151.00353724248288,150.85816095856114,150.97826551953648,862
2026-07-01 10:24:00-04:00,DEMO,150.97826551953648,151.08389230967376,150.94801419829426,151.04627964170902,851
2026-07-01 10:25:00-04:00,DEMO,151.04627964170902,151.0628063691042,150.93151176878627,150.98978738557523,873
2026-07-01 10:26:00-04:00,DEMO,150.98978738557523,151.01439521258368,150.96930119625978,151.00186807676812,897
2026-07-01 10:27:00-04:00,DEMO,151.00186807676812,151.05488848616918,150.99351505843362,151.0282390454256,1058
2026-07-01 10:28:00-04:00,DEMO,151.0282390454256,151.03785825903074,150.88843645986873,150.91966202729057,939
2026-07-01 10:29:00-04:00,DEMO,150.91966202729057,150.9501854166633,150.90246972266263,150.9478236668678,871
2026-07-01 10:30:00-04:00,DEMO,150.9478236668678,151.08447322854798,150.8986704800834,151.08420317642657,854
2026-07-01 10:31:00-04:00,DEMO,151.08420317642657,151.12401037379678,151.04550735560807,151.1225993463746,993
2026-07-01 10:32:00-04:00,DEMO,151.1225993463746,151.21441746222317,151.11596534366674,151.2,1102
2026-07-01 10:33:00-04:00,DEMO,151.2,151.21123708574424,151.18843696540142,151.2,951
2026-07-01 10:34:00-04:00,DEMO,151.2,151.23698975934127,151.15065793308978,151.2,869
2026-07-01 10:35:00-04:00,DEMO,151.2,151.20271341581713,151.1734918198805,151.2,918
2026-07-01 10:36:00-04:00,DEMO,151.2,151.21964490673454,151.18475268626054,151.19151260015562,999
2026-07-01 10:37:00-04:00,DEMO,151.19151260015562,151.20442004007717,151.1151953087969,151.13368608892156,906
2026-07-01 10:38:00-04:00,DEMO,151.13368608892156,151.2275092670174,151.07469179056332,151.2,1143
2026-07-01 10:39:00-04:00,DEMO,151.2,151.2168901658291,151.1911689077043,151.2,1079
2026-07-01 10:40:00-04:00,DEMO,151.2,151.2140082294558,151.18947117543357,151.2,953
2026-07-01 10:41:00-04:00,DEMO,151.2,151.20643802997273,151.19703339575688,151.2,1135
2026-07-01 10:42:00-04:00,DEMO,151.2,151.2143340617543,151.1753188161754,151.2,947
2026-07-01 10:43:00-04:00,DEMO,151.2,151.21608902812375,151.18583217436725,151.2,892
2026-07-01 10:44:00-04:00,DEMO,151.2,151.20649035078364,151.18422596007167,151.2,1131
2026-07-01 10:45:00-04:00,DEMO,151.2,151.22424511218478,151.17357026824396,151.2,1137
2026-07-01 10:46:00-04:00,DEMO,151.2,151.22185694197296,151.19053401690402,151.2,943
2026-07-01 10:47:00-04:00,DEMO,151.2,151.22454774614877,151.14888179342486,151.2,1028
2026-07-01 10:48:00-04:00,DEMO,151.2,151.2213881613227,151.16936520501326,151.2,901
2026-07-01 10:49:00-04:00,DEMO,151.2,151.20271755382032,151.1624691034043,151.2,1042
2026-07-01 10:50:00-04:00,DEMO,151.2,151.24315330936673,151.189951792923,151.2,1057
2026-07-01 10:51:00-04:00,DEMO,151.2,151.2478891291117,151.18094510172406,151.2,1062
2026-07-01 10:52:00-04:00,DEMO,151.2,151.20695832348926,151.19573975856912,151.2,1020
2026-07-01 10:53:00-04:00,DEMO,151.2,151.23440108328933,151.19966908317994,151.2,1061
2026-07-01 10:54:00-04:00,DEMO,151.2,151.21585827483813,151.18160666599297,151.2,1016
2026-07-01 10:55:00-04:00,DEMO,151.2,151.2091107104516,151.1660434151285,151.2,1095
2026-07-01 10:56:00-04:00,DEMO,151.2,151.21051270858592,151.17897627153323,151.2,903
2026-07-01 10:57:00-04:00,DEMO,151.2,151.21334489849147,151.1931761061284,151.2,995
2026-07-01 10:58:00-04:00,DEMO,151.2,151.2001801765094,151.1975041354876,151.2,974
2026-07-01 10:59:00-04:00,DEMO,151.2,151.21338138916576,151.18570352043406,151.2,1010
2026-07-01 11:00:00-04:00,DEMO,151.2,151.23656143462134,151.169262315066,151.2,892
2026-07-01 11:01:00-04:00,DEMO,151.2,151.21949674031305,151.1910717830932,151.2,947
2026-07-01 11:02:00-04:00,DEMO,151.2,151.2188218041787,151.17271040951556,151.2,1136
2026-07-01 11:03:00-04:00,DEMO,151.2,151.22107935775057,151.18782953632126,151.2,881
2026-07-01 11:04:00-04:00,DEMO,151.2,151.23851836240658,151.19652220650596,151.2,1040
2026-07-01 11:05:00-04:00,DEMO,151.2,151.2074729538146,151.19760290993585,151.2,1049
2026-07-01 11:06:00-04:00,DEMO,151.2,151.21689947139515,151.1791287211807,151.2,992
2026-07-01 11:07:00-04:00,DEMO,151.2,151.22578005171098,151.198200035189,151.2,860
2026-07-01 11:08:00-04:00,DEMO,151.2,151.20022933120455,151.16850735367797,151.2,860
2026-07-01 11:09:00-04:00,DEMO,151.2,151.20290666613275,151.19702428733498,151.2,932
2026-07-01 11:10:00-04:00,DEMO,151.2,151.2460537664642,151.17775490026628,151.2,880
2026-07-01 11:11:00-04:00,DEMO,151.2,151.2481124009253,151.18769382278086,151.2,878
2026-07-01 11:12:00-04:00,DEMO,151.2,151.24160890983325,151.19497874256808,151.2,898
2026-07-01 11:13:00-04:00,DEMO,151.2,151.2623481751432,151.19066215007047,151.2,907
2026-07-01 11:14:00-04:00,DEMO,151.2,151.22288064302882,151.1878674179234,151.2,1101
2026-07-01 11:15:00-04:00,DEMO,151.65,152.3,151.55,151.6,2100
2026-07-01 11:16:00-04:00,DEMO,151.6,151.75875,151.57,151.71875,1000
2026-07-01 11:17:00-04:00,DEMO,151.71875,151.8775,151.68875,151.8375,1000
2026-07-01 11:18:00-04:00,DEMO,151.8375,151.99625,151.8075,151.95625,1000
2026-07-01 11:19:00-04:00,DEMO,151.95625,152.11499999999998,151.92625,152.075,1000
2026-07-01 11:20:00-04:00,DEMO,152.075,152.23375,152.045,152.19375,1000
2026-07-01 11:21:00-04:00,DEMO,152.19375,152.3525,152.16375,152.3125,1000
2026-07-01 11:22:00-04:00,DEMO,152.3125,152.47125,152.2825,152.43125,1000
2026-07-01 11:23:00-04:00,DEMO,152.43125,152.59,152.40125,152.55,1000
2026-07-01 11:24:00-04:00,DEMO,151.2,151.20419685173565,151.18895770514567,151.2,988
2026-07-01 11:25:00-04:00,DEMO,151.2,151.22740160582643,151.18813717665952,151.2,955
2026-07-01 11:26:00-04:00,DEMO,151.2,151.21450989912145,151.18320380650596,151.2,1036
2026-07-01 11:27:00-04:00,DEMO,151.2,151.218295334858,151.19210526284613,151.2,1066
2026-07-01 11:28:00-04:00,DEMO,151.2,151.21661466680646,151.17053872874203,151.2,1068
2026-07-01 11:29:00-04:00,DEMO,151.2,151.22613156953494,151.19501904896876,151.2,1023
2026-07-01 11:30:00-04:00,DEMO,151.2,151.2141930535813,151.1382047730986,151.2,1013
2026-07-01 11:31:00-04:00,DEMO,151.2,151.215520534642,151.1957372953495,151.2,997
2026-07-01 11:32:00-04:00,DEMO,151.2,151.2196549817163,151.19274835565156,151.2,921
2026-07-01 11:33:00-04:00,DEMO,151.2,151.22439960125735,151.19989667793362,151.2,996
2026-07-01 11:34:00-04:00,DEMO,151.2,151.2038782572383,151.1935877005389,151.2,853
2026-07-01 11:35:00-04:00,DEMO,151.2,151.2357729754706,151.18911865107071,151.2,1139
2026-07-01 11:36:00-04:00,DEMO,151.2,151.2342117348441,151.1480822168535,151.2,961
2026-07-01 11:37:00-04:00,DEMO,151.2,151.20608497291,151.17886698837555,151.2,1076
2026-07-01 11:38:00-04:00,DEMO,151.2,151.22054729428856,151.17852384854555,151.2,1137
2026-07-01 11:39:00-04:00,DEMO,151.2,151.23938441623588,151.19480623505964,151.2,999
2026-07-01 11:40:00-04:00,DEMO,151.2,151.20152543377569,151.16072255643573,151.2,1108
2026-07-01 11:41:00-04:00,DEMO,151.2,151.20315412991076,151.1807325304476,151.2,993
2026-07-01 11:42:00-04:00,DEMO,151.2,151.20849012564014,151.1683094109799,151.2,889
2026-07-01 11:43:00-04:00,DEMO,151.2,151.22224475815742,151.17857058990555,151.2,857
2026-07-01 11:44:00-04:00,DEMO,151.2,151.23671598575788,151.19977665330268,151.2,890
2026-07-01 11:45:00-04:00,DEMO,151.2,151.21582170808892,151.1568661434498,151.2,1132
2026-07-01 11:46:00-04:00,DEMO,151.2,151.2195850263474,151.16852983850788,151.2,992
2026-07-01 11:47:00-04:00,DEMO,151.2,151.27648828072492,151.17379926055955,151.2,945
2026-07-01 11:48:00-04:00,DEMO,151.2,151.2271518395653,151.18833958734982,151.2,983
2026-07-01 11:49:00-04:00,DEMO,151.2,151.23143456187452,151.17227992562653,151.2,926
2026-07-01 11:50:00-04:00,DEMO,151.2,151.21275346789034,151.19426349088852,151.2,1111
2026-07-01 11:51:00-04:00,DEMO,151.2,151.23823283697416,151.1869396892142,151.2,1149
2026-07-01 11:52:00-04:00,DEMO,151.2,151.20161474142358,151.1882294585556,151.2,875
2026-07-01 11:53:00-04:00,DEMO,151.2,151.21430606050467,151.1815168493581,151.2,1065
2026-07-01 11:54:00-04:00,DEMO,151.2,151.24608868543646,151.17095666602663,151.2,950
2026-07-01 11:55:00-04:00,DEMO,151.2,151.21693778864227,151.17736586968294,151.2,864
2026-07-01 11:56:00-04:00,DEMO,151.2,151.22684039322843,151.19614800019627,151.2,1126
2026-07-01 11:57:00-04:00,DEMO,151.2,151.24737614624868,151.17576475523128,151.2,868
2026-07-01 11:58:00-04:00,DEMO,151.2,151.20292450585058,151.16904599246274,151.2,911
2026-07-01 11:59:00-04:00,DEMO,151.2,151.25607069054024,151.18337345699095,151.2,857
2026-07-01 12:00:00-04:00,DEMO,151.2,151.23305489915217,151.176565575827,151.2,991
2026-07-01 12:01:00-04:00,DEMO,151.2,151.2134298448503,151.18039644266324,151.2,1029
2026-07-01 12:02:00-04:00,DEMO,151.2,151.22078214589877,151.1543447663273,151.2,946
2026-07-01 12:03:00-04:00,DEMO,151.2,151.20991021255517,151.17165572436448,151.2,871
2026-07-01 12:04:00-04:00,DEMO,151.2,151.20763950479756,151.16678802973018,151.2,884
2026-07-01 12:05:00-04:00,DEMO,151.2,151.22234496864837,151.18358784732953,151.2,1130
2026-07-01 12:06:00-04:00,DEMO,151.2,151.21880959331781,151.14966883863013,151.2,1091
2026-07-01 12:07:00-04:00,DEMO,151.2,151.22852031973403,151.18521698177867,151.2,1131
2026-07-01 12:08:00-04:00,DEMO,151.2,151.2000479600002,151.17459958676477,151.2,1009
2026-07-01 12:09:00-04:00,DEMO,151.2,151.2075866725204,151.18694403801143,151.2,1013
2026-07-01 12:10:00-04:00,DEMO,151.2,151.21278784254798,151.1804704698694,151.2,1085
2026-07-01 12:11:00-04:00,DEMO,151.2,151.20354141743476,151.1736838895596,151.2,1034
2026-07-01 12:12:00-04:00,DEMO,151.2,151.2099298577479,151.19823211020687,151.2,980
2026-07-01 12:13:00-04:00,DEMO,151.2,151.20831106335848,151.1988835429759,151.2,937
2026-07-01 12:14:00-04:00,DEMO,151.2,151.22043895995824,151.1810411741839,151.2,995
2026-07-01 12:15:00-04:00,DEMO,151.2,151.21054042074775,151.1967050393247,151.2,869
2026-07-01 12:16:00-04:00,DEMO,151.2,151.2023503793521,151.16766237851652,151.2,907
2026-07-01 12:17:00-04:00,DEMO,151.2,151.21657934376591,151.179675649384,151.2,1071
2026-07-01 12:18:00-04:00,DEMO,151.2,151.2165561204831,151.1941220014212,151.2,1110
2026-07-01 12:19:00-04:00,DEMO,151.2,151.23025996819456,151.16961293958755,151.2,880
2026-07-01 12:20:00-04:00,DEMO,151.2,151.22447103353093,151.15960043939594,151.2,879
2026-07-01 12:21:00-04:00,DEMO,151.2,151.20196544173828,151.1805117644807,151.2,875
2026-07-01 12:22:00-04:00,DEMO,151.2,151.22157000048932,151.19281773097407,151.2,1087
2026-07-01 12:23:00-04:00,DEMO,151.2,151.22021369374005,151.18127965285044,151.2,943
2026-07-01 12:24:00-04:00,DEMO,151.2,151.21401122024486,151.1833312287448,151.2,948
2026-07-01 12:25:00-04:00,DEMO,151.2,151.23516251567528,151.19616922599354,151.2,853
2026-07-01 12:26:00-04:00,DEMO,151.2,151.22553055723046,151.1793967319665,151.2,1141
2026-07-01 12:27:00-04:00,DEMO,151.2,151.21342742473914,151.1687814347323,151.2,980
2026-07-01 12:28:00-04:00,DEMO,151.2,151.2102224772552,151.19166127470908,151.2,1089
2026-07-01 12:29:00-04:00,DEMO,151.2,151.20102950050872,151.19536216733536,151.2,1062
2026-07-01 12:30:00-04:00,DEMO,151.2,151.22856473056973,151.18280868788727,151.2,892
2026-07-01 12:31:00-04:00,DEMO,151.2,151.20050093227164,151.12905983490262,151.14271263067494,1090
2026-07-01 12:32:00-04:00,DEMO,151.14271263067494,151.17269055882858,151.13284733230918,151.13891343909228,1015
2026-07-01 12:33:00-04:00,DEMO,151.13891343909228,151.15251036419508,151.10305501531155,151.1169704319535,1031
2026-07-01 12:34:00-04:00,DEMO,151.1169704319535,151.21212474310653,151.1159033545478,151.2,910
2026-07-01 12:35:00-04:00,DEMO,151.2,151.24719809928823,151.18967771511942,151.2,1104
2026-07-01 12:36:00-04:00,DEMO,151.2,151.20002799304993,151.18184638993284,151.2,1129
2026-07-01 12:37:00-04:00,DEMO,151.2,151.25587588744744,151.19075735185902,151.2,971
2026-07-01 12:38:00-04:00,DEMO,151.2,151.20893412430388,151.18328955786785,151.2,877
2026-07-01 12:39:00-04:00,DEMO,151.2,151.2486149448065,151.18325796429818,151.2,1104
2026-07-01 12:40:00-04:00,DEMO,151.2,151.23939800721362,151.19870419752516,151.2,1116
2026-07-01 12:41:00-04:00,DEMO,151.2,151.2457738572189,151.18440993725926,151.2,1001
2026-07-01 12:42:00-04:00,DEMO,151.2,151.22549400463453,151.1868373325871,151.2,1023
2026-07-01 12:43:00-04:00,DEMO,151.2,151.2228038098994,151.17187676612244,151.2,916
2026-07-01 12:44:00-04:00,DEMO,151.2,151.2180498634934,151.16835562687083,151.2,870
2026-07-01 12:45:00-04:00,DEMO,151.2,151.20560723498542,151.17335787063197,151.2,1133
2026-07-01 12:46:00-04:00,DEMO,151.2,151.23182381071848,151.1865641536443,151.2,994
2026-07-01 12:47:00-04:00,DEMO,151.2,151.21611139412207,151.1506951012014,151.2,932
2026-07-01 12:48:00-04:00,DEMO,151.2,151.21690616743408,151.19526885758577,151.2,1057
2026-07-01 12:49:00-04:00,DEMO,151.2,151.22246388200355,151.12420593962221,151.2,857
2026-07-01 12:50:00-04:00,DEMO,151.2,151.22001797804174,151.19431176461592,151.2,873
2026-07-01 12:51:00-04:00,DEMO,151.2,151.20692049323327,151.1936201662061,151.2,922
2026-07-01 12:52:00-04:00,DEMO,151.2,151.23376053545138,151.19005555215148,151.2,985
2026-07-01 12:53:00-04:00,DEMO,151.2,151.20779098584873,151.19069186099847,151.2,960
2026-07-01 12:54:00-04:00,DEMO,151.2,151.21865291207357,151.1773317132086,151.19822208640574,906
2026-07-01 12:55:00-04:00,DEMO,151.19822208640574,151.22174189391734,151.1953741765794,151.2,955
2026-07-01 12:56:00-04:00,DEMO,151.2,151.22945462132043,151.15558200382205,151.2,950
2026-07-01 12:57:00-04:00,DEMO,151.2,151.22640963965077,151.19402126788415,151.2,1007
2026-07-01 12:58:00-04:00,DEMO,151.2,151.2188804854854,151.19323786534724,151.2,1018
2026-07-01 12:59:00-04:00,DEMO,151.2,151.26848832805723,151.17727505763713,151.2,1114
2026-07-01 13:00:00-04:00,DEMO,151.2,151.24417404745324,151.18953752313624,151.2,1092
2026-07-01 13:01:00-04:00,DEMO,151.2,151.23554067445204,151.19664931947975,151.2,937
2026-07-01 13:02:00-04:00,DEMO,151.2,151.210031373483,151.18474180793294,151.19994780116636,1120
2026-07-01 13:03:00-04:00,DEMO,151.19994780116636,151.2187681154566,151.18053594096264,151.2,1006
2026-07-01 13:04:00-04:00,DEMO,151.2,151.2410665073359,151.10880980740086,151.17560389189478,906
2026-07-01 13:05:00-04:00,DEMO,151.17560389189478,151.207232890532,151.1467743375719,151.1533612688264,952
2026-07-02 04:00:00-04:00,DEMO,150.5,150.5266269405989,150.4945070879509,150.51465377040032,901
2026-07-02 04:01:00-04:00,DEMO,150.51465377040032,150.56215840261723,150.51206184827157,150.55534446960505,928
2026-07-02 04:02:00-04:00,DEMO,150.55534446960505,150.58778189334475,150.46545536822543,150.52021270672392,1147
2026-07-02 04:03:00-04:00,DEMO,150.52021270672392,150.52918408101792,150.41491533139632,150.4656923193364,894
2026-07-02 04:04:00-04:00,DEMO,150.4656923193364,150.46622108788722,150.29859736948728,150.3461820266691,1010
2026-07-02 04:05:00-04:00,DEMO,150.3461820266691,150.43085865154754,150.3087182912754,150.4044794055883,864
2026-07-02 04:06:00-04:00,DEMO,150.4044794055883,150.4149810929256,150.3937015533386,150.40547884362286,976
2026-07-02 04:07:00-04:00,DEMO,150.40547884362286,150.43188277724857,150.40293072215343,150.41782272431965,1091
2026-07-02 04:08:00-04:00,DEMO,150.41782272431965,150.42114115550842,150.36292568178013,150.37080703172933,867
2026-07-02 04:09:00-04:00,DEMO,150.37080703172933,150.4452684555043,150.331188608527,150.4443969134865,1117
2026-07-02 04:10:00-04:00,DEMO,150.4443969134865,150.53804983320418,150.42372773765393,150.50098894814715,1133
2026-07-02 04:11:00-04:00,DEMO,150.50098894814715,150.50109324353753,150.46474333423768,150.4936795152579,972
2026-07-02 04:12:00-04:00,DEMO,150.4936795152579,150.51895053875265,150.44876169103281,150.46032770778376,1125
2026-07-02 04:13:00-04:00,DEMO,150.46032770778376,150.47357771032074,150.4300317746305,150.43892622474024,1116
2026-07-02 04:14:00-04:00,DEMO,150.43892622474024,150.4981700160353,150.3773033274278,150.39100869219476,1108
2026-07-02 04:15:00-04:00,DEMO,150.39100869219476,150.39825444274436,150.37337216337946,150.3926025411492,1040
2026-07-02 04:16:00-04:00,DEMO,150.3926025411492,150.41551291006948,150.30511462678234,150.35563247796716,1018
2026-07-02 04:17:00-04:00,DEMO,150.35563247796716,150.41598258553415,150.30545679710764,150.39076502919968,1050
2026-07-02 04:18:00-04:00,DEMO,150.39076502919968,150.41956439127094,150.3516042722775,150.36919691472016,912
2026-07-02 04:19:00-04:00,DEMO,150.36919691472016,150.38689990464687,150.32579210017715,150.3479594908838,978
2026-07-02 04:20:00-04:00,DEMO,150.3479594908838,150.44807451616694,150.32326751318547,150.4401946711359,864
2026-07-02 04:21:00-04:00,DEMO,150.4401946711359,150.45119057336888,150.36620567667455,150.3966514997828,1080
2026-07-02 04:22:00-04:00,DEMO,150.3966514997828,150.41716283912885,150.29051318707664,150.30257654650606,1111
2026-07-02 04:23:00-04:00,DEMO,150.30257654650606,150.3384474096102,150.28563423556986,150.3245494580505,918
2026-07-02 04:24:00-04:00,DEMO,150.3245494580505,150.33726353332327,150.19433981845387,150.19987734736594,878
2026-07-02 04:25:00-04:00,DEMO,150.19987734736594,150.23469014850423,150.1915348948272,150.2157400655155,1037
2026-07-02 04:26:00-04:00,DEMO,150.2157400655155,150.30688912765075,150.18849677594602,150.27464327402905,1006
2026-07-02 04:27:00-04:00,DEMO,150.27464327402905,150.2805134385453,150.26654396769965,150.2788501758743,851
2026-07-02 04:28:00-04:00,DEMO,150.2788501758743,150.296088410352,150.23797217759343,150.27940668033207,1110
2026-07-02 04:29:00-04:00,DEMO,150.27940668033207,150.31486859314236,150.14049044868975,150.1563701191971,958
2026-07-02 04:30:00-04:00,DEMO,150.1563701191971,150.19222629211524,150.13596756344418,150.18968834033063,953
2026-07-02 04:31:00-04:00,DEMO,150.18968834033063,150.22463898741816,150.1683747374029,150.2134658943654,901
2026-07-02 04:32:00-04:00,DEMO,150.2134658943654,150.23454214786165,150.12656305829253,150.14314602886296,965
2026-07-02 04:33:00-04:00,DEMO,150.14314602886296,150.27404987249466,150.13917622736005,150.25793627369774,1122
2026-07-02 04:34:00-04:00,DEMO,150.25793627369774,150.2649895012095,150.17367505269323,150.1844953016533,924
2026-07-02 04:35:00-04:00,DEMO,150.1844953016533,150.19164238641804,150.0616266782935,150.0837378799503,1108
2026-07-02 04:36:00-04:00,DEMO,150.0837378799503,150.11336332380762,149.9285555616985,149.97507441375564,1117
2026-07-02 04:37:00-04:00,DEMO,149.97507441375564,150.00827032941336,149.96346278464998,149.9766326681949,1006
2026-07-02 04:38:00-04:00,DEMO,149.9766326681949,150.02728860918586,149.94261158273451,149.99690494320373,1030
2026-07-02 04:39:00-04:00,DEMO,149.99690494320373,150.0397446437963,149.98521192638788,150.02336337785982,1012
2026-07-02 04:40:00-04:00,DEMO,150.02336337785982,150.0368220470908,149.96893072910882,150.0031217791669,937
2026-07-02 04:41:00-04:00,DEMO,150.0031217791669,150.0106486868683,149.9337125516852,149.95436127784473,1149
2026-07-02 04:42:00-04:00,DEMO,149.95436127784473,150.05468063053104,149.9070431255761,150.00492715276522,859
2026-07-02 04:43:00-04:00,DEMO,150.00492715276522,150.03257363024622,149.92934828451703,149.95107202957152,851
2026-07-02 04:44:00-04:00,DEMO,149.95107202957152,149.9715885030929,149.83005916663586,149.8784816172127,985
2026-07-02 04:45:00-04:00,DEMO,149.8784816172127,149.9814610625024,149.8355601292442,149.96256055726232,980
2026-07-02 04:46:00-04:00,DEMO,149.96256055726232,150.00485094988477,149.94731844471607,149.97321484775088,859
2026-07-02 04:47:00-04:00,DEMO,149.97321484775088,150.01077746378118,149.97059131434384,150.00149224147435,1118
2026-07-02 04:48:00-04:00,DEMO,150.00149224147435,150.05417450353025,149.99492359318154,150.03904268375302,1109
2026-07-02 04:49:00-04:00,DEMO,150.03904268375302,150.05593916590558,149.9635203439921,150.00473485721304,1119
2026-07-02 04:50:00-04:00,DEMO,150.00473485721304,150.0363683844205,149.9481399540357,149.97276310205297,1129
2026-07-02 04:51:00-04:00,DEMO,149.97276310205297,150.03344087333682,149.96958424187423,150.0111980030369,931
2026-07-02 04:52:00-04:00,DEMO,150.0111980030369,150.0298719073862,149.95505695098328,149.97416892960425,1145
2026-07-02 04:53:00-04:00,DEMO,149.97416892960425,150.01697592723494,149.96625806614216,149.99433017109092,1064
2026-07-02 04:54:00-04:00,DEMO,149.99433017109092,150.04149205136065,149.96622420746615,149.98896259791522,1009
2026-07-02 04:55:00-04:00,DEMO,149.98896259791522,149.99908148215124,149.9056067102093,149.91730630696475,1042
2026-07-02 04:56:00-04:00,DEMO,149.91730630696475,149.98105063860987,149.88673327032043,149.97528975310072,1018
2026-07-02 04:57:00-04:00,DEMO,149.97528975310072,149.99357065045479,149.89745364003068,149.89792803611257,1028
2026-07-02 04:58:00-04:00,DEMO,149.89792803611257,149.94779355086618,149.87083847944848,149.91190584278436,1076
2026-07-02 04:59:00-04:00,DEMO,149.91190584278436,149.92110326747192,149.89879625138573,149.91592492353007,982
2026-07-02 05:00:00-04:00,DEMO,149.91592492353007,150.0005302993783,149.89927659502143,149.9919215965677,1114
2026-07-02 05:01:00-04:00,DEMO,149.9919215965677,150.03201615483906,149.87390586572536,149.9247440831575,917
2026-07-02 05:02:00-04:00,DEMO,149.9247440831575,149.92743548602715,149.8451671605945,149.89215228106366,876
2026-07-02 05:03:00-04:00,DEMO,149.89215228106366,149.9009655883975,149.85507488294218,149.88613388837527,1064
2026-07-02 05:04:00-04:00,DEMO,149.88613388837527,149.90341031027023,149.88148061878616,149.89698471218423,1141
2026-07-02 05:05:00-04:00,DEMO,149.89698471218423,149.9977754987845,149.88650133806442,149.94909214080852,1010
2026-07-02 05:06:00-04:00,DEMO,149.94909214080852,149.99864449288006,149.91149640479497,149.96775805559,1049
2026-07-02 05:07:00-04:00,DEMO,149.96775805559,149.98477881227328,149.94349349086372,149.9692496905226,855
2026-07-02 05:08:00-04:00,DEMO,149.9692496905226,150.04069724869862,149.94005527570468,150.0309499579138,1060
2026-07-02 05:09:00-04:00,DEMO,150.0309499579138,150.16381749900302,150.02946206172115,150.15671377047647,1050
2026-07-02 05:10:00-04:00,DEMO,150.15671377047647,150.20471997358135,150.05970264045706,150.07538226798013,1010
2026-07-02 05:11:00-04:00,DEMO,150.07538226798013,150.08346031300633,150.0747749196248,150.07503747278116,903
2026-07-02 05:12:00-04:00,DEMO,150.07503747278116,150.12920321395984,150.04603698557887,150.1206158665403,1107
2026-07-02 05:13:00-04:00,DEMO,150.1206158665403,150.1540207533552,150.10631257259175,150.1257604258953,965
2026-07-02 05:14:00-04:00,DEMO,150.1257604258953,150.26119450134786,150.0676435501805,150.21183869191836,968
2026-07-02 05:15:00-04:00,DEMO,150.21183869191836,150.25046054300813,150.16733156242495,150.19178834704164,898
2026-07-02 05:16:00-04:00,DEMO,150.19178834704164,150.20988524471804,150.11754248847998,150.13094812628248,950
2026-07-02 05:17:00-04:00,DEMO,150.13094812628248,150.18370643441807,150.12474402316872,150.18317877007541,1090
2026-07-02 05:18:00-04:00,DEMO,150.18317877007541,150.21421065419378,150.00971106830215,150.01680479047698,859
2026-07-02 05:19:00-04:00,DEMO,150.01680479047698,150.01728476210872,149.95904830086812,149.98825926264547,931
2026-07-02 05:20:00-04:00,DEMO,149.98825926264547,150.14197063621683,149.9726601950397,150.13022403918617,1133
2026-07-02 05:21:00-04:00,DEMO,150.13022403918617,150.13450666395823,150.10053373733982,150.13179865453063,935
2026-07-02 05:22:00-04:00,DEMO,150.13179865453063,150.15414611525597,150.11029322912316,150.15326450863736,883
2026-07-02 05:23:00-04:00,DEMO,150.15326450863736,150.15793192150127,150.07832132737812,150.09616814396452,896
2026-07-02 05:24:00-04:00,DEMO,150.09616814396452,150.1247590564571,150.08928794918637,150.09477693235368,1137
2026-07-02 05:25:00-04:00,DEMO,150.09477693235368,150.11529320002182,150.04934583938,150.08624500183558,993
2026-07-02 05:26:00-04:00,DEMO,150.08624500183558,150.22292256156618,150.04836896875992,150.19774518787855,1025
2026-07-02 05:27:00-04:00,DEMO,150.19774518787855,150.20849976417426,150.12017517057828,150.13714024732133,910
2026-07-02 05:28:00-04:00,DEMO,150.13714024732133,150.15449910392752,149.9161633630136,149.97143442854542,860
2026-07-02 05:29:00-04:00,DEMO,149.97143442854542,150.0488542715555,149.9599153238633,149.99583349599385,1043
2026-07-02 05:30:00-04:00,DEMO,149.99583349599385,150.11736583518726,149.98849860612782,150.08883444456637,1130
2026-07-02 05:31:00-04:00,DEMO,150.08883444456637,150.14683324484113,150.0368917612391,150.04751451126447,988
2026-07-02 05:32:00-04:00,DEMO,150.04751451126447,150.050067704119,149.9325046759873,149.93810274762595,1051
2026-07-02 05:33:00-04:00,DEMO,149.93810274762595,149.96360236896402,149.87051619086492,149.87373343677604,1023
2026-07-02 05:34:00-04:00,DEMO,149.87373343677604,149.92254176464712,149.85592261126803,149.8997476151976,862
2026-07-02 05:35:00-04:00,DEMO,149.8997476151976,149.91699409621017,149.8150586736044,149.86601209743654,1139
2026-07-02 05:36:00-04:00,DEMO,149.86601209743654,149.8696275900968,149.8576514076578,149.86855472307184,1031
2026-07-02 05:37:00-04:00,DEMO,149.86855472307184,149.87185226588656,149.6607349821197,149.72710372884623,1058
2026-07-02 05:38:00-04:00,DEMO,149.72710372884623,149.75947388837506,149.6474703585133,149.69588194665423,1019
2026-07-02 05:39:00-04:00,DEMO,149.69588194665423,149.77033466510267,149.6903653467997,149.74317792181554,1016
2026-07-02 05:40:00-04:00,DEMO,149.74317792181554,149.7946824609659,149.70893071690034,149.72729830037179,946
2026-07-02 05:41:00-04:00,DEMO,149.72729830037179,149.72955741139847,149.65275673788213,149.665855763723,1098
2026-07-02 05:42:00-04:00,DEMO,149.665855763723,149.73568150066242,149.63219123413822,149.72897154349965,1060
2026-07-02 05:43:00-04:00,DEMO,149.72897154349965,149.80971869993138,149.70812300377648,149.7881902527823,874
2026-07-02 05:44:00-04:00,DEMO,149.7881902527823,149.812718698576,149.75951522863863,149.76026594411104,988
2026-07-02 05:45:00-04:00,DEMO,149.76026594411104,149.7627279193998,149.68126880411265,149.71575597084637,935
2026-07-02 05:46:00-04:00,DEMO,149.71575597084637,149.80253612878522,149.63706043876533,149.79243967901735,988
2026-07-02 05:47:00-04:00,DEMO,149.79243967901735,149.84594549700208,149.73022919845042,149.75944397120594,1140
2026-07-02 05:48:00-04:00,DEMO,149.75944397120594,149.7826090471173,149.72893761566272,149.74964223033908,995
2026-07-02 05:49:00-04:00,DEMO,149.74964223033908,149.89162022519574,149.73976828747664,149.85770025718855,930
2026-07-02 05:50:00-04:00,DEMO,149.85770025718855,149.88045364950298,149.84498090344445,149.8689118710312,972
2026-07-02 05:51:00-04:00,DEMO,149.8689118710312,149.8737759168724,149.83551880691044,149.83918664178276,943
2026-07-02 05:52:00-04:00,DEMO,149.83918664178276,149.87293796972435,149.7143152729101,149.72060186217638,1028
2026-07-02 05:53:00-04:00,DEMO,149.72060186217638,149.73455086872454,149.71464752485986,149.72272625063482,892
2026-07-02 05:54:00-04:00,DEMO,149.72272625063482,149.76324184274688,149.6910696867288,149.7175308246373,931
2026-07-02 05:55:00-04:00,DEMO,149.7175308246373,149.7358612691455,149.6753769451357,149.6801003377243,898
2026-07-02 05:56:00-04:00,DEMO,149.6801003377243,149.74692646916787,149.64359042288578,149.7356331603753,952
2026-07-02 05:57:00-04:00,DEMO,149.7356331603753,149.76235871861968,149.64989410096842,149.65814834121656,883
2026-07-02 05:58:00-04:00,DEMO,149.65814834121656,149.68096702566535,149.55890253405005,149.6,1080
2026-07-02 05:59:00-04:00,DEMO,149.6,149.60327383507308,149.57445637800313,149.6,1112
2026-07-02 06:00:00-04:00,DEMO,149.6,149.64419109126814,149.54263734953483,149.6,946
2026-07-02 06:01:00-04:00,DEMO,149.6,149.636861701015,149.5941617365421,149.6,1035
2026-07-02 06:02:00-04:00,DEMO,149.6,149.60423988663794,149.59555425882036,149.6,851
2026-07-02 06:03:00-04:00,DEMO,149.6,149.60110149050897,149.58981762648966,149.6,1140
2026-07-02 06:04:00-04:00,DEMO,149.6,149.62616057239117,149.5690626478649,149.6,873
2026-07-02 06:05:00-04:00,DEMO,149.6,149.61876660156352,149.58951134996832,149.6,967
2026-07-02 06:06:00-04:00,DEMO,149.6,149.601464508642,149.58341860791685,149.6,1003
2026-07-02 06:07:00-04:00,DEMO,149.6,149.60221793957342,149.55734152839338,149.6,1124
2026-07-02 06:08:00-04:00,DEMO,149.6,149.61192472956697,149.58858424980943,149.6,991
2026-07-02 06:09:00-04:00,DEMO,149.6,149.66105878782392,149.56356069208124,149.6,986
2026-07-02 06:10:00-04:00,DEMO,149.6,149.6275439823343,149.58661653695103,149.6,927
2026-07-02 06:11:00-04:00,DEMO,149.6,149.6018091874981,149.56571644136534,149.6,917
2026-07-02 06:12:00-04:00,DEMO,149.6,149.6528171421117,149.58733189435372,149.6,872
2026-07-02 06:13:00-04:00,DEMO,149.6,149.62258471704789,149.594672759764,149.6,1079
2026-07-02 06:14:00-04:00,DEMO,149.6,149.64029771266038,149.55789311684106,149.6,856
2026-07-02 06:15:00-04:00,DEMO,149.6,149.60193142278987,149.59997501835718,149.6,1014
2026-07-02 06:16:00-04:00,DEMO,149.6,149.62570544104588,149.5789757254035,149.6,922
2026-07-02 06:17:00-04:00,DEMO,149.6,149.61399261948836,149.59453829585647,149.6,1136
2026-07-02 06:18:00-04:00,DEMO,149.6,149.60792526036843,149.5973646484642,149.6,1142
2026-07-02 06:19:00-04:00,DEMO,149.6,149.6223109418241,149.57630806925792,149.6,991
2026-07-02 06:20:00-04:00,DEMO,149.6,149.60372972902385,149.57879345795254,149.6,859
2026-07-02 06:21:00-04:00,DEMO,149.6,149.61709388071725,149.59958781705438,149.6,889
2026-07-02 06:22:00-04:00,DEMO,149.6,149.60965874510802,149.58025603176236,149.6,1059
2026-07-02 06:23:00-04:00,DEMO,149.6,149.6271666586677,149.591056161994,149.6,874
2026-07-02 06:24:00-04:00,DEMO,149.6,149.62455853073658,149.5820786535346,149.6,1011
2026-07-02 06:25:00-04:00,DEMO,149.6,149.635334973448,149.57070782284345,149.6,884
2026-07-02 06:26:00-04:00,DEMO,149.6,149.6398895648886,149.58817276162796,149.6,935
2026-07-02 06:27:00-04:00,DEMO,149.6,149.61798546954623,149.57114254446023,149.6,1038
2026-07-02 06:28:00-04:00,DEMO,149.6,149.60055481194135,149.54369354284748,149.6,978
2026-07-02 06:29:00-04:00,DEMO,149.6,149.63103112035716,149.59371428110236,149.6,1062
2026-07-02 06:30:00-04:00,DEMO,149.6,149.60730591523983,149.58174864234738,149.6,862
2026-07-02 06:31:00-04:00,DEMO,149.6,149.6016501466154,149.59772236289794,149.6,1118
2026-07-02 06:32:00-04:00,DEMO,149.6,149.6154277151922,149.58322445686613,149.6,925
2026-07-02 06:33:00-04:00,DEMO,149.6,149.62771939507564,149.59380619670935,149.6,1049
2026-07-02 06:34:00-04:00,DEMO,149.6,149.61712303636844,149.59033557743257,149.6,1056
2026-07-02 06:35:00-04:00,DEMO,149.6,149.6191257358931,149.59091427685843,149.6,1011
2026-07-02 06:36:00-04:00,DEMO,149.6,149.60503222568343,149.57427911416312,149.6,1149
2026-07-02 06:37:00-04:00,DEMO,149.6,149.61155702921815,149.58024819654446,149.6,1098
2026-07-02 06:38:00-04:00,DEMO,149.6,149.60228686901814,149.58408359297698,149.6,1056
2026-07-02 06:39:00-04:00,DEMO,149.6,149.6322694536987,149.58976497928177,149.6,937
2026-07-02 06:40:00-04:00,DEMO,149.6,149.61059619092055,149.58916391896403,149.6,1002
2026-07-02 06:41:00-04:00,DEMO,149.6,149.6324693359041,149.57254790374367,149.6,1056
2026-07-02 06:42:00-04:00,DEMO,149.6,149.61291490331843,149.57119562530377,149.6,926
2026-07-02 06:43:00-04:00,DEMO,149.6,149.6183311979307,149.55518022013084,149.6,872
2026-07-02 06:44:00-04:00,DEMO,149.6,149.62344815620065,149.5956214241471,149.6,1008
2026-07-02 06:45:00-04:00,DEMO,149.6,149.606233494351,149.59133464941272,149.6,977
2026-07-02 06:46:00-04:00,DEMO,149.6,149.6113456568829,149.5622679959363,149.6,860
2026-07-02 06:47:00-04:00,DEMO,149.6,149.61262592896966,149.59084314583873,149.6,1088
2026-07-02 06:48:00-04:00,DEMO,149.6,149.6154736971216,149.57927641416555,149.6,1069
2026-07-02 06:49:00-04:00,DEMO,149.6,149.61482889810276,149.59415097508057,149.6,858
2026-07-02 06:50:00-04:00,DEMO,149.6,149.61383828146853,149.59828537640206,149.6,1116
2026-07-02 06:51:00-04:00,DEMO,149.6,149.6211528892992,149.59775492824008,149.6,1085
2026-07-02 06:52:00-04:00,DEMO,149.6,149.64508596154397,149.5994820157723,149.6,1057
2026-07-02 06:53:00-04:00,DEMO,149.6,149.6043943182498,149.57615313451848,149.6,1074
2026-07-02 06:54:00-04:00,DEMO,149.6,149.6117317509197,149.5934046501261,149.6,936
2026-07-02 06:55:00-04:00,DEMO,149.6,149.60454382869702,149.58767379688246,149.6,1132
2026-07-02 06:56:00-04:00,DEMO,149.6,149.64030704647288,149.57824852328235,149.6,1036
2026-07-02 06:57:00-04:00,DEMO,149.6,149.62645026415402,149.58517361281304,149.6,1121
2026-07-02 06:58:00-04:00,DEMO,149.6,149.61176764201443,149.57363069074535,149.6,1125
2026-07-02 06:59:00-04:00,DEMO,149.6,149.61092853661688,149.57155794959576,149.6,871
2026-07-02 07:00:00-04:00,DEMO,149.6,149.60122797598328,149.57207238094244,149.6,900
2026-07-02 07:01:00-04:00,DEMO,149.6,149.63556425360787,149.59567674417016,149.6,1001
2026-07-02 07:02:00-04:00,DEMO,149.6,149.60723664536212,149.5768329335244,149.6,885
2026-07-02 07:03:00-04:00,DEMO,149.6,149.60737189239842,149.5808033437529,149.6,909
2026-07-02 07:04:00-04:00,DEMO,149.6,149.60471026256238,149.59167258177612,149.6,971
2026-07-02 07:05:00-04:00,DEMO,149.6,149.60484693692757,149.5729040094291,149.6,1104
2026-07-02 07:06:00-04:00,DEMO,149.6,149.64058668800385,149.59411643428425,149.6,925
2026-07-02 07:07:00-04:00,DEMO,149.6,149.62759252026348,149.58402208608604,149.6,1142
2026-07-02 07:08:00-04:00,DEMO,149.6,149.6316136102085,149.5556895332277,149.6,883
2026-07-02 07:09:00-04:00,DEMO,149.6,149.60743946447508,149.58636337296346,149.6,948
2026-07-02 07:10:00-04:00,DEMO,149.6,149.61151920484699,149.59476823302114,149.6,934
2026-07-02 07:11:00-04:00,DEMO,149.6,149.6258533865,149.58712483861606,149.6,952
2026-07-02 07:12:00-04:00,DEMO,149.6,149.60275062776608,149.5443196836004,149.6,960
2026-07-02 07:13:00-04:00,DEMO,149.6,149.6241031267149,149.56004377658192,149.6,1072
2026-07-02 07:14:00-04:00,DEMO,149.6,149.60515362463752,149.58468402969575,149.6,995
2026-07-02 07:15:00-04:00,DEMO,149.6,149.632505898685,149.5853845410624,149.63196496624934,951
2026-07-02 07:16:00-04:00,DEMO,149.63196496624934,149.65206317663137,149.59399954483843,149.6,858
2026-07-02 07:17:00-04:00,DEMO,149.6,149.6117157262529,149.58627081611976,149.6,862
2026-07-02 07:18:00-04:00,DEMO,149.6,149.60099559718793,149.59644127844103,149.6,1149
2026-07-02 07:19:00-04:00,DEMO,149.6,149.6064969528579,149.5611452643321,149.6,888
2026-07-02 07:20:00-04:00,DEMO,149.6,149.61600488035293,149.5941128950732,149.6,1080
2026-07-02 07:21:00-04:00,DEMO,149.6,149.63526848575276,149.55888181496647,149.6,1016
2026-07-02 07:22:00-04:00,DEMO,149.6,149.6076129315265,149.5949199894729,149.6,897
2026-07-02 07:23:00-04:00,DEMO,149.6,149.62765760191658,149.59984000608088,149.6,953
2026-07-02 07:24:00-04:00,DEMO,149.6,149.6372564344888,149.560201343298,149.6,1110
2026-07-02 07:25:00-04:00,DEMO,149.6,149.64204989525857,149.57987034981184,149.6,977
2026-07-02 07:26:00-04:00,DEMO,149.6,149.60994686488513,149.59262957931082,149.6,1039
2026-07-02 07:27:00-04:00,DEMO,149.6,149.61352830672263,149.56365951685572,149.6,1115
2026-07-02 07:28:00-04:00,DEMO,149.6,149.63941539356748,149.55776007325463,149.6,1110
2026-07-02 07:29:00-04:00,DEMO,149.6,149.62096298981106,149.59463004153636,149.6,867
2026-07-02 07:30:00-04:00,DEMO,149.6,149.62906058680082,149.59107555374126,149.6,1031
2026-07-02 07:31:00-04:00,DEMO,149.6,149.62522050111247,149.59776324133577,149.6,910
2026-07-02 07:32:00-04:00,DEMO,149.6,149.65037166499545,149.55814377856152,149.6,1020
2026-07-02 07:33:00-04:00,DEMO,149.6,149.6209589810708,149.58045198764793,149.6,1073
2026-07-02 07:34:00-04:00,DEMO,149.6,149.60105397313848,149.55250081911956,149.6,876
2026-07-02 07:35:00-04:00,DEMO,149.6,149.62267350062055,149.58953431708036,149.6,1074
2026-07-02 07:36:00-04:00,DEMO,149.6,149.62462656931885,149.57703447984616,149.6,968
2026-07-02 07:37:00-04:00,DEMO,149.6,149.6194825288256,149.5787209030771,149.6,1047
2026-07-02 07:38:00-04:00,DEMO,149.6,149.60493008472034,149.59106103145558,149.6,1139
2026-07-02 07:39:00-04:00,DEMO,149.6,149.60725982436415,149.54317261432894,149.6,1051
2026-07-02 07:40:00-04:00,DEMO,149.6,149.61019184163024,149.5852830398268,149.6,1044
2026-07-02 07:41:00-04:00,DEMO,149.6,149.6087472002662,149.5972431131144,149.6,897
2026-07-02 07:42:00-04:00,DEMO,149.6,149.61411584078266,149.5818468942282,149.6,861
2026-07-02 07:43:00-04:00,DEMO,149.6,149.64644618456816,149.58792874649833,149.6,1135
2026-07-02 07:44:00-04:00,DEMO,149.6,149.68445764549904,149.57683340563148,149.6,892
2026-07-02 07:45:00-04:00,DEMO,149.6,149.61169098286618,149.56277272702613,149.6,1063
2026-07-02 07:46:00-04:00,DEMO,149.6,149.7110945027194,149.59532726126858,149.7012895156314,992
2026-07-02 07:47:00-04:00,DEMO,149.7012895156314,149.717904208742,149.61099755842184,149.6156058047473,863
2026-07-02 07:48:00-04:00,DEMO,149.6156058047473,149.65529169508264,149.5762986634744,149.62836077386004,1130
2026-07-02 07:49:00-04:00,DEMO,149.62836077386004,149.7362612860853,149.59604452512775,149.70319370402203,1144
2026-07-02 07:50:00-04:00,DEMO,149.70319370402203,149.75241601352135,149.69589988348892,149.73962555630814,916
2026-07-02 07:51:00-04:00,DEMO,149.73962555630814,149.7546874823847,149.68922640473028,149.71691366409465,984
2026-07-02 07:52:00-04:00,DEMO,149.71691366409465,149.77996668704233,149.7030810174441,149.7557907464417,1092
2026-07-02 07:53:00-04:00,DEMO,149.7557907464417,149.7757771154604,149.70994534900947,149.73087744755543,1027
2026-07-02 07:54:00-04:00,DEMO,149.73087744755543,149.78613497864058,149.69413229515638,149.7104326219203,1012
2026-07-02 07:55:00-04:00,DEMO,149.7104326219203,149.71514305916892,149.636423568541,149.67071142495132,949
2026-07-02 07:56:00-04:00,DEMO,149.67071142495132,149.75183534070453,149.6616680393067,149.733967014597,992
2026-07-02 07:57:00-04:00,DEMO,149.733967014597,149.75628926383365,149.67898912067744,149.75269556143837,882
2026-07-02 07:58:00-04:00,DEMO,149.75269556143837,149.9203974331255,149.74730449724538,149.90368177636066,1064
2026-07-02 07:59:00-04:00,DEMO,149.90368177636066,149.9666627940598,149.85737782064916,149.95449858141197,906
2026-07-02 08:00:00-04:00,DEMO,149.95449858141197,149.96139735766369,149.85433586250815,149.86549375890274,919
2026-07-02 08:01:00-04:00,DEMO,149.86549375890274,149.96038134463754,149.80785429196405,149.9136475537768,1018
2026-07-02 08:02:00-04:00,DEMO,149.9136475537768,149.92735050147584,149.83631358732464,149.84831933272503,1062
2026-07-02 08:03:00-04:00,DEMO,149.84831933272503,149.8747278545616,149.83000344906162,149.83174908672393,1053
2026-07-02 08:04:00-04:00,DEMO,149.83174908672393,149.84598996903426,149.8279534632237,149.84021719112258,900
2026-07-02 08:05:00-04:00,DEMO,149.84021719112258,149.8461148293252,149.7731377595716,149.77479432691646,1081
2026-07-02 08:06:00-04:00,DEMO,149.77479432691646,149.78582172730802,149.7064175893217,149.74446980444307,888
2026-07-02 08:07:00-04:00,DEMO,149.74446980444307,149.74837318504345,149.69931997758786,149.7040393007947,978
2026-07-02 08:08:00-04:00,DEMO,149.7040393007947,149.73500203814908,149.69411572949173,149.71249413361716,860
2026-07-02 08:09:00-04:00,DEMO,149.71249413361716,149.7408870031754,149.69936276633078,149.7080831306796,1079
2026-07-02 08:10:00-04:00,DEMO,149.7080831306796,149.77288000388984,149.6907191596236,149.70183244888665,1060
2026-07-02 08:11:00-04:00,DEMO,149.70183244888665,149.80613593204384,149.69648458464076,149.80421172834687,967
2026-07-02 08:12:00-04:00,DEMO,149.80421172834687,149.83697103425754,149.7981064141289,149.83675885530013,1117
2026-07-02 08:13:00-04:00,DEMO,149.83675885530013,149.86432475880633,149.8204667598133,149.8627380207219,900
2026-07-02 08:14:00-04:00,DEMO,149.8627380207219,149.94333900662437,149.84451086460933,149.9285759640088,853
2026-07-02 08:15:00-04:00,DEMO,149.9285759640088,150.06620119731406,149.88969417012595,150.04031283370497,980
2026-07-02 08:16:00-04:00,DEMO,150.04031283370497,150.14313239993237,150.03739560285453,150.1242075499545,906
2026-07-02 08:17:00-04:00,DEMO,150.1242075499545,150.1685768360801,150.03871582819363,150.0609047901042,1102
2026-07-02 08:18:00-04:00,DEMO,150.0609047901042,150.10005257878032,150.059486321148,150.09259256203512,933
2026-07-02 08:19:00-04:00,DEMO,150.09259256203512,150.1598849651219,150.04902709427995,150.13902279518044,932
2026-07-02 08:20:00-04:00,DEMO,150.13902279518044,150.20704333688812,150.13490118471722,150.19684439894772,856
2026-07-02 08:21:00-04:00,DEMO,150.19684439894772,150.199064375898,150.17020597946802,150.18837833134953,860
2026-07-02 08:22:00-04:00,DEMO,150.18837833134953,150.20180345464948,150.182697347741,150.19269783147303,867
2026-07-02 08:23:00-04:00,DEMO,150.19269783147303,150.23917767665836,150.11241977741875,150.13952895726274,1055
2026-07-02 08:24:00-04:00,DEMO,150.13952895726274,150.14257816437936,150.06027967248517,150.11741610890823,1018
2026-07-02 08:25:00-04:00,DEMO,150.11741610890823,150.13481043984916,150.0241651890416,150.04743154048145,1145
2026-07-02 08:26:00-04:00,DEMO,150.04743154048145,150.1464276845421,150.04361954384726,150.12387192766732,1104
2026-07-02 08:27:00-04:00,DEMO,150.12387192766732,150.13443192843553,150.02338189566873,150.09270367120294,1141
2026-07-02 08:28:00-04:00,DEMO,150.09270367120294,150.14027066321756,150.02942637187041,150.03674268981675,1000
2026-07-02 08:29:00-04:00,DEMO,150.03674268981675,150.06322118593118,149.99893667423618,150.05446294782237,1127
2026-07-02 08:30:00-04:00,DEMO,150.05446294782237,150.07688393094503,150.05028366576474,150.06086982506488,966
2026-07-02 08:31:00-04:00,DEMO,150.06086982506488,150.09171754338448,150.01800723631123,150.01969441101465,856
2026-07-02 08:32:00-04:00,DEMO,150.01969441101465,150.04951727868237,149.98035909708554,150.04229295425415,964
2026-07-02 08:33:00-04:00,DEMO,150.04229295425415,150.09526202313356,149.9874350165753,150.00472151430307,885
2026-07-02 08:34:00-04:00,DEMO,150.00472151430307,150.05045090897937,149.98008918774454,150.03531963827652,1101
2026-07-02 08:35:00-04:00,DEMO,150.03531963827652,150.05318296712178,149.9981150216516,150.03369928965344,1063
2026-07-02 08:36:00-04:00,DEMO,150.03369928965344,150.0624851490624,150.01741137296403,150.04674328035537,1052
2026-07-02 08:37:00-04:00,DEMO,150.04674328035537,150.05525630005891,149.99323276548287,150.02387976806043,1136
2026-07-02 08:38:00-04:00,DEMO,150.02387976806043,150.05430034111365,149.95107194819988,149.98371292218803,1062
2026-07-02 08:39:00-04:00,DEMO,149.98371292218803,150.05109153069955,149.97270654597156,149.99901700659797,945
2026-07-02 08:40:00-04:00,DEMO,149.99901700659797,150.0186368746298,149.90249207385335,149.90474699938284,864
2026-07-02 08:41:00-04:00,DEMO,149.90474699938284,150.0094394466754,149.8992118095085,149.98783140533,918
2026-07-02 08:42:00-04:00,DEMO,149.98783140533,149.99853637641132,149.95278783392467,149.96048995151517,1031
2026-07-02 08:43:00-04:00,DEMO,149.96048995151517,150.09656564440704,149.9507712358003,150.08509060537244,987
2026-07-02 08:44:00-04:00,DEMO,150.08509060537244,150.15269069591932,150.06877080841858,150.12539842663696,892
2026-07-02 08:45:00-04:00,DEMO,150.12539842663696,150.14511675210792,150.10982254956684,150.11981977562226,1126
2026-07-02 08:46:00-04:00,DEMO,150.11981977562226,150.12288038575224,150.0774033676545,150.08364610072894,1027
2026-07-02 08:47:00-04:00,DEMO,150.08364610072894,150.1197664674623,150.08319891666167,150.11479873503387,1113
2026-07-02 08:48:00-04:00,DEMO,150.11479873503387,150.16912649974083,150.10202246930425,150.14256523964917,1066
2026-07-02 08:49:00-04:00,DEMO,150.14256523964917,150.17059506981755,150.12421973688708,150.16843319670815,997
2026-07-02 08:50:00-04:00,DEMO,150.16843319670815,150.22594202756585,150.16108957699,150.21880973807365,1134
2026-07-02 08:51:00-04:00,DEMO,150.21880973807365,150.277171496739,150.20438561137343,150.22605522708005,945
2026-07-02 08:52:00-04:00,DEMO,150.22605522708005,150.30208934670662,150.2103858803003,150.29475753335447,1062
2026-07-02 08:53:00-04:00,DEMO,150.29475753335447,150.31863196850875,150.22898082410123,150.24872836421866,1017
2026-07-02 08:54:00-04:00,DEMO,150.24872836421866,150.25714545870292,150.2187803509687,150.2365220609096,892
2026-07-02 08:55:00-04:00,DEMO,150.2365220609096,150.29619435076856,150.2326289722147,150.27369299244444,996
2026-07-02 08:56:00-04:00,DEMO,150.27369299244444,150.28303649103458,150.20132616147177,150.22689112692584,893
2026-07-02 08:57:00-04:00,DEMO,150.22689112692584,150.2415605525665,150.20931168441763,150.2294950599461,1069
2026-07-02 08:58:00-04:00,DEMO,150.2294950599461,150.33169720436302,150.20196827738454,150.32159461096745,1128
2026-07-02 08:59:00-04:00,DEMO,150.32159461096745,150.33992581455513,150.31735370717277,150.3279368744636,975
2026-07-02 09:00:00-04:00,DEMO,150.3279368744636,150.3455323003856,150.25135060432092,150.29976571676627,1088
2026-07-02 09:01:00-04:00,DEMO,150.29976571676627,150.39206220225824,150.24704544680594,150.3675283186369,1050
2026-07-02 09:02:00-04:00,DEMO,150.3675283186369,150.3779116153187,150.28201394841423,150.29936973994813,1056
2026-07-02 09:03:00-04:00,DEMO,150.29936973994813,150.31193586790977,150.2630925596737,150.2794748234764,871
2026-07-02 09:04:00-04:00,DEMO,150.2794748234764,150.37540190812183,150.2405000143442,150.34342603425222,1053
2026-07-02 09:05:00-04:00,DEMO,150.34342603425222,150.35777802856202,150.29300598193547,150.29722248254748,873
2026-07-02 09:06:00-04:00,DEMO,150.29722248254748,150.3226594028569,150.29543933203584,150.31268958809335,1017
2026-07-02 09:07:00-04:00,DEMO,150.31268958809335,150.32713111610565,150.30226926094048,150.3084988432299,1051
2026-07-02 09:08:00-04:00,DEMO,150.3084988432299,150.4246979738966,150.30736046258934,150.402540554675,930
2026-07-02 09:09:00-04:00,DEMO,150.402540554675,150.43433346536287,150.2959920322833,150.31722739944237,874
2026-07-02 09:10:00-04:00,DEMO,150.31722739944237,150.3396784665783,150.25766098308407,150.28473978350326,1098
2026-07-02 09:11:00-04:00,DEMO,150.28473978350326,150.3456573902708,150.2299548383223,150.26524289368749,928
2026-07-02 09:12:00-04:00,DEMO,150.26524289368749,150.34615469397332,150.23217785798627,150.2876692085759,1119
2026-07-02 09:13:00-04:00,DEMO,150.2876692085759,150.37576143998498,150.27656998467293,150.32078565810906,1124
2026-07-02 09:14:00-04:00,DEMO,150.32078565810906,150.36821005878062,150.2913614736571,150.34619164449506,1042
2026-07-02 09:15:00-04:00,DEMO,150.34619164449506,150.45332628083275,150.29842597333482,150.43133995533807,1073
2026-07-02 09:16:00-04:00,DEMO,150.43133995533807,150.48500477161429,150.42875959594082,150.47165839679622,1054
2026-07-02 09:17:00-04:00,DEMO,150.47165839679622,150.4755581083713,150.3890419316906,150.39480437034337,1077
2026-07-02 09:18:00-04:00,DEMO,150.39480437034337,150.45908696923638,150.30368593167177,150.30809973317935,1130
2026-07-02 09:19:00-04:00,DEMO,150.30809973317935,150.31005613969094,150.26665553116567,150.27585084052163,893
2026-07-02 09:20:00-04:00,DEMO,150.27585084052163,150.30809773561217,150.22600199147283,150.24431339897407,922
2026-07-02 09:21:00-04:00,DEMO,150.24431339897407,150.24986213688507,150.175906376008,150.2181069739379,1042
2026-07-02 09:22:00-04:00,DEMO,150.2181069739379,150.32762926632586,150.2089906451729,150.28102911843004,1086
2026-07-02 09:23:00-04:00,DEMO,150.28102911843004,150.29965427380972,150.19271828046845,150.2431563579799,1011
2026-07-02 09:24:00-04:00,DEMO,150.2431563579799,150.3567626483271,150.22724021845426,150.30970227613855,861
2026-07-02 09:25:00-04:00,DEMO,150.30970227613855,150.37945773048637,150.29643836547618,150.37862412553102,879
2026-07-02 09:26:00-04:00,DEMO,150.37862412553102,150.4137585538335,150.36813173425836,150.38049472524543,1053
2026-07-02 09:27:00-04:00,DEMO,150.38049472524543,150.3938895957941,150.31851542956818,150.34922195017697,1065
2026-07-02 09:28:00-04:00,DEMO,150.34922195017697,150.46902393117713,150.34250303503117,150.4265062103964,953
2026-07-02 09:29:00-04:00,DEMO,150.4265062103964,150.43094080371316,150.3694020285871,150.3757639347001,1120
2026-07-02 09:30:00-04:00,DEMO,150.4,150.44413809206182,150.35302786369604,150.42200486176566,1075
2026-07-02 09:31:00-04:00,DEMO,150.42200486176566,150.42507366323824,150.39488814345935,150.41834954893446,1025
2026-07-02 09:32:00-04:00,DEMO,150.41834954893446,150.4507063439384,150.34788327522085,150.40384541025847,1135
2026-07-02 09:33:00-04:00,DEMO,150.40384541025847,150.40832784735716,150.33022803146235,150.37401678876998,1065
2026-07-02 09:34:00-04:00,DEMO,150.37401678876998,150.37922293908673,150.36069311172622,150.37889858870915,952
2026-07-02 09:35:00-04:00,DEMO,150.37889858870915,150.4227136313753,150.36542254820927,150.41097059996866,1082
2026-07-02 09:36:00-04:00,DEMO,150.41097059996866,150.4799639349579,150.393245589345,150.4344893913673,960
2026-07-02 09:37:00-04:00,DEMO,150.4344893913673,150.51197018756906,150.4275772156405,150.4944682615806,1149
2026-07-02 09:38:00-04:00,DEMO,150.4944682615806,150.50164598530753,150.4541594780936,150.46961711777604,938
2026-07-02 09:39:00-04:00,DEMO,150.46961711777604,150.53124931808145,150.4601085559193,150.50696924649216,1066
2026-07-02 09:40:00-04:00,DEMO,150.50696924649216,150.52065672850844,150.4125594727767,150.415771443647,1010
2026-07-02 09:41:00-04:00,DEMO,150.415771443647,150.44155515674018,150.38673383927775,150.39647474879735,1145
2026-07-02 09:42:00-04:00,DEMO,150.39647474879735,150.48284869725566,150.37562056944964,150.4826165645584,884
2026-07-02 09:43:00-04:00,DEMO,150.4826165645584,150.4950422082043,150.41498634941138,150.42978759745094,858
2026-07-02 09:44:00-04:00,DEMO,150.42978759745094,150.4771610311199,150.3660054605112,150.47273021198694,872
2026-07-02 09:45:00-04:00,DEMO,150.47273021198694,150.493538024575,150.4348752153381,150.43543105236918,1090
2026-07-02 09:46:00-04:00,DEMO,150.43543105236918,150.45555161517242,150.41203372720707,150.44378164993648,953
2026-07-02 09:47:00-04:00,DEMO,150.44378164993648,150.45620695460272,150.33279150397036,150.3519112452122,1130
2026-07-02 09:48:00-04:00,DEMO,150.3519112452122,150.50378217721249,150.32422994138315,150.45849584725894,952
2026-07-02 09:49:00-04:00,DEMO,150.45849584725894,150.56122407947706,150.44212964821492,150.5500306726037,965
2026-07-02 09:50:00-04:00,DEMO,150.5500306726037,150.59671056972246,150.4483470309376,150.5076114068197,1053
2026-07-02 09:51:00-04:00,DEMO,150.5076114068197,150.51833215724787,150.4200145598361,150.4470429400942,995
2026-07-02 09:52:00-04:00,DEMO,150.4470429400942,150.45751176930696,150.33078805153298,150.35093195118864,904
2026-07-02 09:53:00-04:00,DEMO,150.35093195118864,150.37595023067647,150.3344953248738,150.36563578733706,861
2026-07-02 09:54:00-04:00,DEMO,150.36563578733706,150.44136873001582,150.352757029592,150.37927416982745,965
2026-07-02 09:55:00-04:00,DEMO,150.37927416982745,150.43999895884755,150.36242833458869,150.4154439258005,917
2026-07-02 09:56:00-04:00,DEMO,150.4154439258005,150.48363422225265,150.38037088622417,150.4435231387301,1144
2026-07-02 09:57:00-04:00,DEMO,150.4435231387301,150.49827410567298,150.32519245527806,150.38610431081656,924
2026-07-02 09:58:00-04:00,DEMO,150.38610431081656,150.45275927592016,150.3631654879265,150.45248147375878,962
2026-07-02 09:59:00-04:00,DEMO,150.45248147375878,150.56942088467892,150.42529705609488,150.5483950026417,1086
2026-07-02 10:00:00-04:00,DEMO,150.5483950026417,150.5681936386853,150.4998146769555,150.53158451704715,945
2026-07-02 10:01:00-04:00,DEMO,150.53158451704715,150.55505776370757,150.46896894707768,150.49807040110628,1086
2026-07-02 10:02:00-04:00,DEMO,150.49807040110628,150.50512247931425,150.4808172456448,150.4866049010339,1043
2026-07-02 10:03:00-04:00,DEMO,150.4866049010339,150.4868099152057,150.39542832581162,150.46500132466772,871
2026-07-02 10:04:00-04:00,DEMO,150.46500132466772,150.5387345172245,150.4506563101951,150.51925783659573,951
2026-07-02 10:05:00-04:00,DEMO,150.51925783659573,150.590272294403,150.4697602360539,150.57547607951497,1125
2026-07-02 10:06:00-04:00,DEMO,150.57547607951497,150.61619019335,150.57545908884705,150.61456500364204,978
2026-07-02 10:07:00-04:00,DEMO,150.61456500364204,150.65810542844068,150.57970068274335,150.59775573907447,1144
2026-07-02 10:08:00-04:00,DEMO,150.59775573907447,150.6306068067232,150.5732045241985,150.60245633554064,870
2026-07-02 10:09:00-04:00,DEMO,150.60245633554064,150.66736904526857,150.59079325874654,150.66544519032715,1132
2026-07-02 10:10:00-04:00,DEMO,150.66544519032715,150.73724224912414,150.6411980943861,150.70489567501298,885
2026-07-02 10:11:00-04:00,DEMO,150.70489567501298,150.74410554093095,150.69575892100622,150.71947486743005,1040
2026-07-02 10:12:00-04:00,DEMO,150.71947486743005,150.76859227064193,150.71192906633243,150.74218217173595,983
2026-07-02 10:13:00-04:00,DEMO,150.74218217173595,150.83272597590306,150.70305818544145,150.8127414270743,1117
2026-07-02 10:14:00-04:00,DEMO,150.8127414270743,150.84099199373728,150.7778658374215,150.7923939697923,1017
2026-07-02 10:15:00-04:00,DEMO,150.7923939697923,150.79366142184247,150.71395969945704,150.7328969479613,1019
2026-07-02 10:16:00-04:00,DEMO,150.7328969479613,150.75219395104793,150.68451394003097,150.71376302710266,970
2026-07-02 10:17:00-04:00,DEMO,150.71376302710266,150.85788877819203,150.70382794148227,150.82933726680287,1079
2026-07-02 10:18:00-04:00,DEMO,150.82933726680287,150.87216297913068,150.75888672780593,150.78328327221573,1083
2026-07-02 10:19:00-04:00,DEMO,150.78328327221573,150.8620484934504,150.7621728895162,150.85852474475007,878
2026-07-02 10:20:00-04:00,DEMO,150.85852474475007,150.85991375098493,150.77003675827956,150.79425116716502,869
2026-07-02 10:21:00-04:00,DEMO,150.79425116716502,150.8080488569318,150.7763429143955,150.79801624299103,1146
2026-07-02 10:22:00-04:00,DEMO,150.79801624299103,150.8712413940238,150.78015980851194,150.83985348761095,1081
2026-07-02 10:23:00-04:00,DEMO,150.83985348761095,150.8468116716717,150.81848192203617,150.8190230625175,928
2026-07-02 10:24:00-04:00,DEMO,150.8190230625175,150.83343559808552,150.77682976956692,150.78261528349364,1045
2026-07-02 10:25:00-04:00,DEMO,150.78261528349364,150.82615778982566,150.74979694539257,150.8091280662347,1104
2026-07-02 10:26:00-04:00,DEMO,150.8091280662347,150.8144387018882,150.71307235094014,150.74850573708667,1145
2026-07-02 10:27:00-04:00,DEMO,150.74850573708667,150.82697362347994,150.6967760428432,150.8155316983703,881
2026-07-02 10:28:00-04:00,DEMO,150.8155316983703,150.8380353482377,150.75945632810817,150.78189805768406,912
2026-07-02 10:29:00-04:00,DEMO,150.78189805768406,150.83183460609013,150.73214128433486,150.8130397444527,1062
2026-07-02 10:30:00-04:00,DEMO,150.8130397444527,150.83056905916726,150.7736535654586,150.7794770983405,1016
2026-07-02 10:31:00-04:00,DEMO,150.7794770983405,150.78077721941364,150.7592862657777,150.77392631853715,858
2026-07-02 10:32:00-04:00,DEMO,150.77392631853715,150.79225901712823,150.76633101673374,150.7671564868696,944
2026-07-02 10:33:00-04:00,DEMO,150.7671564868696,150.83248811797387,150.76500892831402,150.82775205981207,992
2026-07-02 10:34:00-04:00,DEMO,150.82775205981207,150.86738845542766,150.79562354888952,150.86459601055782,1119
2026-07-02 10:35:00-04:00,DEMO,150.86459601055782,150.87123664441768,150.74422749521037,150.79705113118303,870
2026-07-02 10:36:00-04:00,DEMO,150.79705113118303,150.80518625248993,150.7088127171217,150.71197375686103,1134
2026-07-02 10:37:00-04:00,DEMO,150.71197375686103,150.71832977476953,150.61490186120815,150.64272899585617,983
2026-07-02 10:38:00-04:00,DEMO,150.64272899585617,150.6481774049889,150.5825060761196,150.59386876820383,997
2026-07-02 10:39:00-04:00,DEMO,150.59386876820383,150.70006627829008,150.59001690438515,150.65815917661726,909
2026-07-02 10:40:00-04:00,DEMO,150.65815917661726,150.70156729422905,150.6410372291551,150.6690737272672,977
2026-07-02 10:41:00-04:00,DEMO,150.6690737272672,150.7721790076583,150.65232329147244,150.7359860250584,888
2026-07-02 10:42:00-04:00,DEMO,150.7359860250584,150.7397779823769,150.66820381016845,150.6896935478246,872
2026-07-02 10:43:00-04:00,DEMO,150.6896935478246,150.71559425405357,150.65761722032462,150.67383835959978,962
2026-07-02 10:44:00-04:00,DEMO,150.67383835959978,150.67744676455428,150.62829752531428,150.648183337248,989
2026-07-02 10:45:00-04:00,DEMO,150.648183337248,150.66813533038118,150.5458263914536,150.5563157298033,1093
2026-07-02 10:46:00-04:00,DEMO,150.5563157298033,150.6547125429358,150.55167615584128,150.62952080570378,1085
2026-07-02 10:47:00-04:00,DEMO,150.62952080570378,150.63954116008122,150.53169240816155,150.56512191606294,1034
2026-07-02 10:48:00-04:00,DEMO,150.56512191606294,150.577132107177,150.4458615505748,150.49133837458396,964
2026-07-02 10:49:00-04:00,DEMO,150.49133837458396,150.5447158262064,150.4911239008564,150.50984552770498,1096
2026-07-02 10:50:00-04:00,DEMO,150.50984552770498,150.6000766415767,150.50174727702029,150.57244837202344,1012
2026-07-02 10:51:00-04:00,DEMO,150.57244837202344,150.6602540841317,150.55739381044697,150.6214887057976,1059
2026-07-02 10:52:00-04:00,DEMO,150.6214887057976,150.68983971270188,150.60643287987045,150.65292355865955,1032
2026-07-02 10:53:00-04:00,DEMO,150.65292355865955,150.76061223980355,150.64839031490655,150.7449646440069,889
2026-07-02 10:54:00-04:00,DEMO,150.7449646440069,150.76756263807397,150.69488785210459,150.7097386503286,863
2026-07-02 10:55:00-04:00,DEMO,150.7097386503286,150.72587573608652,150.56239937602095,150.60954066920402,1136
2026-07-02 10:56:00-04:00,DEMO,150.60954066920402,150.6669976225562,150.59656604235752,150.64317636794533,1064
2026-07-02 10:57:00-04:00,DEMO,150.64317636794533,150.66549406709248,150.61553489925046,150.62265891089072,1046
2026-07-02 10:58:00-04:00,DEMO,150.62265891089072,150.67470960352193,150.59462618679376,150.6610483017147,887
2026-07-02 10:59:00-04:00,DEMO,150.6610483017147,150.79617162544045,150.63267618775217,150.776463051314,1090
2026-07-02 11:00:00-04:00,DEMO,150.776463051314,150.85438561127182,150.75507499809694,150.84156727458847,855
2026-07-02 11:01:00-04:00,DEMO,150.84156727458847,150.88191656567759,150.82455971274575,150.86277163575662,1023
2026-07-02 11:02:00-04:00,DEMO,150.86277163575662,150.91189851737732,150.79761073602774,150.8303121904722,1148
2026-07-02 11:03:00-04:00,DEMO,150.8303121904722,150.9206879822035,150.82140416834676,150.897881125626,898
2026-07-02 11:04:00-04:00,DEMO,150.897881125626,150.90910964145007,150.89253689270055,150.9,959
2026-07-02 11:05:00-04:00,DEMO,150.9,150.90264067987258,150.87226651970815,150.9,1100
2026-07-02 11:06:00-04:00,DEMO,150.9,150.93317669710916,150.8553503434978,150.9,1031
2026-07-02 11:07:00-04:00,DEMO,150.9,150.9827864215076,150.87872182748566,150.9,959
2026-07-02 11:08:00-04:00,DEMO,150.9,150.91294292317977,150.8831586244217,150.9,1103
2026-07-02 11:09:00-04:00,DEMO,150.9,150.9034951582994,150.89029100346542,150.9,1063
2026-07-02 11:10:00-04:00,DEMO,150.9,150.90310248960398,150.89930986115385,150.9,857
2026-07-02 11:11:00-04:00,DEMO,150.9,150.94573767480009,150.89791609222553,150.9,978
2026-07-02 11:12:00-04:00,DEMO,150.9,150.9005377492861,150.883723590815,150.9,920
2026-07-02 11:13:00-04:00,DEMO,150.9,150.90437651838957,150.8874964165077,150.9,974
2026-07-02 11:14:00-04:00,DEMO,150.9,150.93494764529157,150.89505438855528,150.9,921
2026-07-02 11:15:00-04:00,DEMO,150.9,150.95130670435128,150.88731516390573,150.9,1003
2026-07-02 11:16:00-04:00,DEMO,150.9,150.90158062998515,150.8794407092584,150.9,1111
2026-07-02 11:17:00-04:00,DEMO,150.9,150.90590487871086,150.88809859619357,150.9,857
2026-07-02 11:18:00-04:00,DEMO,150.9,150.9307764511237,150.8565595723849,150.9,926
2026-07-02 11:19:00-04:00,DEMO,150.9,150.93127977267952,150.89898170074508,150.9,1092
2026-07-02 11:20:00-04:00,DEMO,150.9,150.90447045373608,150.88150238503866,150.9,1034
2026-07-02 11:21:00-04:00,DEMO,150.9,150.91528666211963,150.87286381131545,150.9,909
2026-07-02 11:22:00-04:00,DEMO,150.9,150.90364693020678,150.8975367047219,150.9,1073
2026-07-02 11:23:00-04:00,DEMO,150.9,150.9082144713098,150.85254528309042,150.9,1060
2026-07-02 11:24:00-04:00,DEMO,150.9,150.9403830528831,150.88235500161343,150.9,1010
2026-07-02 11:25:00-04:00,DEMO,150.9,150.9176299160004,150.87579656009427,150.9,1100
2026-07-02 11:26:00-04:00,DEMO,150.9,150.92604005477665,150.89425882092615,150.9,1071
2026-07-02 11:27:00-04:00,DEMO,150.9,150.91516845734108,150.87295250580868,150.9,1061
2026-07-02 11:28:00-04:00,DEMO,150.9,150.92022768139103,150.8776301808139,150.9,988
2026-07-02 11:29:00-04:00,DEMO,150.9,150.916156154646,150.88717260098727,150.9,1062
2026-07-02 11:30:00-04:00,DEMO,150.9,150.93154635357772,150.88036407192953,150.9,1081
2026-07-02 11:31:00-04:00,DEMO,150.9,150.90563455992537,150.88167873036122,150.9,1138
2026-07-02 11:32:00-04:00,DEMO,150.9,150.93519212508707,150.88390423738403,150.9,903
2026-07-02 11:33:00-04:00,DEMO,150.9,150.91641555137514,150.88501495343473,150.9,1098
2026-07-02 11:34:00-04:00,DEMO,150.9,150.91745726751924,150.8647323655268,150.9,1038
2026-07-02 11:35:00-04:00,DEMO,150.9,150.93683908045435,150.88226556498586,150.9,959
2026-07-02 11:36:00-04:00,DEMO,150.9,150.90638203697847,150.89841837197392,150.9,998
2026-07-02 11:37:00-04:00,DEMO,150.9,150.9115313481679,150.88353770664958,150.9,994
2026-07-02 11:38:00-04:00,DEMO,150.9,150.90579097035882,150.88153348921782,150.9,997
2026-07-02 11:39:00-04:00,DEMO,150.9,150.9089652814747,150.89481578610383,150.9,851
2026-07-02 11:40:00-04:00,DEMO,150.9,150.91347438771405,150.87528154102523,150.9,874
2026-07-02 11:41:00-04:00,DEMO,150.9,150.90582026435692,150.88885241295196,150.9,865
2026-07-02 11:42:00-04:00,DEMO,150.9,150.92444346060387,150.87701665526194,150.9,987
2026-07-02 11:43:00-04:00,DEMO,150.9,150.9058403048442,150.84539370624242,150.9,1011
2026-07-02 11:44:00-04:00,DEMO,150.9,150.9103187786072,150.8959471208905,150.9,1081
2026-07-02 11:45:00-04:00,DEMO,150.9,150.9063759076444,150.88409597751695,150.9,1070
2026-07-02 11:46:00-04:00,DEMO,150.9,150.90304605567334,150.89900867344247,150.9,1086
2026-07-02 11:47:00-04:00,DEMO,150.9,150.93242845143143,150.86485592013773,150.9,1035
2026-07-02 11:48:00-04:00,DEMO,150.9,150.90691052849843,150.8657106589001,150.9,1052
2026-07-02 11:49:00-04:00,DEMO,150.9,150.90042325031482,150.874681150049,150.9,1004
2026-07-02 11:50:00-04:00,DEMO,150.9,150.94407032719116,150.89711744354338,150.9,925
2026-07-02 11:51:00-04:00,DEMO,150.9,150.93552418649503,150.85330948444437,150.9,1095
2026-07-02 11:52:00-04:00,DEMO,150.9,150.95064111646573,150.8921689339796,150.9,1141
2026-07-02 11:53:00-04:00,DEMO,150.9,150.91258420938118,150.89424143394788,150.9,952
2026-07-02 11:54:00-04:00,DEMO,150.9,150.90558158164734,150.88745163311535,150.9,1002
2026-07-02 11:55:00-04:00,DEMO,150.9,150.94770247707254,150.88740837290692,150.9,915
2026-07-02 11:56:00-04:00,DEMO,150.9,150.92406401369303,150.85744944043958,150.9,1090
2026-07-02 11:57:00-04:00,DEMO,150.9,150.91889810794527,150.87127668814526,150.9,876
2026-07-02 11:58:00-04:00,DEMO,150.9,150.92029842459993,150.88867121854204,150.9,1135
2026-07-02 11:59:00-04:00,DEMO,150.9,150.92558813248363,150.87879882561953,150.9,1085
2026-07-02 12:00:00-04:00,DEMO,150.9,150.90245700228763,150.88790135308048,150.9,1106
2026-07-02 12:01:00-04:00,DEMO,150.9,150.9512580602151,150.8979279957523,150.9,1133
2026-07-02 12:02:00-04:00,DEMO,150.9,150.9313009003379,150.8819984995666,150.9,924
2026-07-02 12:03:00-04:00,DEMO,150.9,150.9010539631708,150.89740079496778,150.9,905
2026-07-02 12:04:00-04:00,DEMO,150.9,150.92606824404228,150.89455070554303,150.9,1131
2026-07-02 12:05:00-04:00,DEMO,150.9,150.91502328177828,150.85298226768913,150.9,1051
2026-07-02 12:06:00-04:00,DEMO,150.9,150.92283458639247,150.89861351244568,150.9,950
2026-07-02 12:07:00-04:00,DEMO,150.9,150.92334952303273,150.8584318025455,150.9,916
2026-07-02 12:08:00-04:00,DEMO,150.9,150.9003474483617,150.86971864451388,150.9,974
2026-07-02 12:09:00-04:00,DEMO,150.9,150.93372139152657,150.88633396283757,150.9,929
2026-07-02 12:10:00-04:00,DEMO,150.9,150.90203016304486,150.87987181384457,150.9,904
2026-07-02 12:11:00-04:00,DEMO,150.9,150.92607040553784,150.88621609370477,150.9,941
2026-07-02 12:12:00-04:00,DEMO,150.9,150.91125677943262,150.88366835395658,150.9,1045
2026-07-02 12:13:00-04:00,DEMO,150.9,150.94884430825806,150.84847467800498,150.9,998
2026-07-02 12:14:00-04:00,DEMO,150.9,150.93455764908768,150.88919412839985,150.9,971
2026-07-02 12:15:00-04:00,DEMO,150.9,150.9111967674269,150.8959911063533,150.9,878
2026-07-02 12:16:00-04:00,DEMO,150.9,150.90737676218862,150.89927457651424,150.9,912
2026-07-02 12:17:00-04:00,DEMO,150.9,150.91256720369935,150.87411493164183,150.9,1104
2026-07-02 12:18:00-04:00,DEMO,150.9,150.9072625773218,150.8887682086273,150.9,1116
2026-07-02 12:19:00-04:00,DEMO,150.9,150.91450447081536,150.8855032618458,150.9,949
2026-07-02 12:20:00-04:00,DEMO,150.9,150.9463587749551,150.8846906993782,150.9,1041
2026-07-02 12:21:00-04:00,DEMO,150.9,150.90127353975905,150.889387371571,150.9,1094
2026-07-02 12:22:00-04:00,DEMO,150.9,150.9210572867453,150.87759404839005,150.9,952
2026-07-02 12:23:00-04:00,DEMO,150.9,150.90211726229973,150.84390310555,150.9,1129
2026-07-02 12:24:00-04:00,DEMO,150.9,150.9375505748091,150.8685488512911,150.9,853
2026-07-02 12:25:00-04:00,DEMO,150.9,150.9044665590342,150.87993709707092,150.9,1029
2026-07-02 12:26:00-04:00,DEMO,150.9,150.91677635386878,150.88052895351154,150.9,1015
2026-07-02 12:27:00-04:00,DEMO,150.9,150.9034898495155,150.88571942578773,150.9,1081
2026-07-02 12:28:00-04:00,DEMO,150.9,150.90465474925549,150.8856906077233,150.9,1095
2026-07-02 12:29:00-04:00,DEMO,150.9,150.9102851738917,150.86767224535316,150.9,895
2026-07-02 12:30:00-04:00,DEMO,150.9,150.9226140535422,150.8883836029598,150.9,1016
2026-07-02 12:31:00-04:00,DEMO,150.9,150.91276756624214,150.8472903554143,150.9,972
2026-07-02 12:32:00-04:00,DEMO,150.9,150.9051315751583,150.83479065077984,150.9,983
2026-07-02 12:33:00-04:00,DEMO,150.9,150.9423338274722,150.88947975546037,150.9,875
2026-07-02 12:34:00-04:00,DEMO,150.9,150.90573953195081,150.89554954697707,150.9,1094
2026-07-02 12:35:00-04:00,DEMO,150.9,150.90491003467073,150.88741017582885,150.9,913
2026-07-02 12:36:00-04:00,DEMO,150.9,150.90306774432034,150.85840721413112,150.9,922
2026-07-02 12:37:00-04:00,DEMO,150.9,150.91389922968744,150.89121436576679,150.9,1084
2026-07-02 12:38:00-04:00,DEMO,150.9,150.93292817162464,150.87624963641548,150.9,1110
2026-07-02 12:39:00-04:00,DEMO,150.9,150.9081480109116,150.87646253021367,150.9,932
2026-07-02 12:40:00-04:00,DEMO,150.9,150.91331313885064,150.88063435092738,150.9,921
2026-07-02 12:41:00-04:00,DEMO,150.9,150.91799472066256,150.8811117961964,150.9,1023
2026-07-02 12:42:00-04:00,DEMO,150.9,150.90493703823773,150.8954720283905,150.9,900
2026-07-02 12:43:00-04:00,DEMO,150.9,150.91260059368824,150.89891643567134,150.9,1148
2026-07-02 12:44:00-04:00,DEMO,150.9,150.90564262768703,150.88413572911026,150.9,1071
2026-07-02 12:45:00-04:00,DEMO,150.9,150.9022338091342,150.8885353537566,150.9,1133
2026-07-02 12:46:00-04:00,DEMO,150.9,150.91492697003875,150.88784949008297,150.9,1071
2026-07-02 12:47:00-04:00,DEMO,150.9,150.9264330957728,150.89182563936623,150.9,948
2026-07-02 12:48:00-04:00,DEMO,150.9,150.94647737812855,150.88408276123903,150.9,974
2026-07-02 12:49:00-04:00,DEMO,150.9,150.90533846843883,150.89799076040956,150.9,1126
2026-07-02 12:50:00-04:00,DEMO,150.9,150.904340548514,150.89779980844745,150.9,867
2026-07-02 12:51:00-04:00,DEMO,150.9,150.9315090334232,150.87943159588315,150.9,1085
2026-07-02 12:52:00-04:00,DEMO,150.9,150.92667928025836,150.87660205136302,150.9,1129
2026-07-02 12:53:00-04:00,DEMO,150.9,150.92522205637206,150.89085036204534,150.9,964
2026-07-02 12:54:00-04:00,DEMO,150.9,150.91333437091595,150.89436430404058,150.9,964
2026-07-02 12:55:00-04:00,DEMO,150.9,150.97249139984908,150.88149065753404,150.9,1099
2026-07-02 12:56:00-04:00,DEMO,150.9,150.90139194046716,150.86418100272792,150.9,903
2026-07-02 12:57:00-04:00,DEMO,150.9,150.91990461495638,150.8762440406342,150.9,958
2026-07-02 12:58:00-04:00,DEMO,150.9,150.9067631138966,150.8839850440991,150.9,1128
2026-07-02 12:59:00-04:00,DEMO,150.9,150.9062537947345,150.88995347353864,150.9,1038
2026-07-02 13:00:00-04:00,DEMO,150.9,150.90071834065202,150.87311138432142,150.9,1039
2026-07-02 13:01:00-04:00,DEMO,150.9,150.90619423785117,150.87822870071423,150.9,880
2026-07-02 13:02:00-04:00,DEMO,150.9,150.90794185096414,150.89474827530287,150.9,870
2026-07-02 13:03:00-04:00,DEMO,150.9,150.9655258005966,150.89237117714782,150.9,1048
2026-07-02 13:04:00-04:00,DEMO,150.9,150.9135052221888,150.88809081740604,150.9,983
2026-07-02 13:05:00-04:00,DEMO,150.9,150.9203452736151,150.88956909550765,150.9,866
